-- --------------------------------------------------------
-- Hôte:                         127.0.0.1
-- Version du serveur:           5.7.10-log - MySQL Community Server (GPL)
-- SE du serveur:                Win64
-- HeidiSQL Version:             12.6.0.6765
-- --------------------------------------------------------

/*!40101 SET @OLD_CHARACTER_SET_CLIENT=@@CHARACTER_SET_CLIENT */;
/*!40101 SET NAMES utf8 */;
/*!50503 SET NAMES utf8mb4 */;
/*!40103 SET @OLD_TIME_ZONE=@@TIME_ZONE */;
/*!40103 SET TIME_ZONE='+00:00' */;
/*!40014 SET @OLD_FOREIGN_KEY_CHECKS=@@FOREIGN_KEY_CHECKS, FOREIGN_KEY_CHECKS=0 */;
/*!40101 SET @OLD_SQL_MODE=@@SQL_MODE, SQL_MODE='NO_AUTO_VALUE_ON_ZERO' */;
/*!40111 SET @OLD_SQL_NOTES=@@SQL_NOTES, SQL_NOTES=0 */;


-- Listage de la structure de la base pour piecedetache
CREATE DATABASE IF NOT EXISTS `piecedetache` /*!40100 DEFAULT CHARACTER SET utf8 */;
USE `piecedetache`;

-- Listage de la structure de la table piecedetache. avis
CREATE TABLE IF NOT EXISTS `avis` (
  `id_avis` int(11) NOT NULL AUTO_INCREMENT,
  `id_client` int(11) NOT NULL,
  `id_piece` int(11) NOT NULL,
  `note` tinyint(4) NOT NULL,
  `commentaire` text,
  `date_avis` datetime DEFAULT CURRENT_TIMESTAMP,
  PRIMARY KEY (`id_avis`),
  KEY `id_client` (`id_client`),
  KEY `id_piece` (`id_piece`),
  CONSTRAINT `avis_ibfk_1` FOREIGN KEY (`id_client`) REFERENCES `client` (`id_client`) ON DELETE CASCADE,
  CONSTRAINT `avis_ibfk_2` FOREIGN KEY (`id_piece`) REFERENCES `piece` (`id_piece`) ON DELETE CASCADE
) ENGINE=InnoDB DEFAULT CHARSET=utf8;

-- Listage des données de la table piecedetache.avis : ~0 rows (environ)

-- Listage de la structure de la table piecedetache. caracteristique
CREATE TABLE IF NOT EXISTS `caracteristique` (
  `id_caracteristique` int(11) NOT NULL AUTO_INCREMENT,
  `nom_caracteristique` varchar(50) NOT NULL,
  PRIMARY KEY (`id_caracteristique`)
) ENGINE=InnoDB AUTO_INCREMENT=4 DEFAULT CHARSET=utf8;

-- Listage des données de la table piecedetache.caracteristique : ~3 rows (environ)
INSERT INTO `caracteristique` (`id_caracteristique`, `nom_caracteristique`) VALUES
	(1, 'Puissance'),
	(2, 'Cylindrée'),
	(3, 'Couple');

-- Listage de la structure de la table piecedetache. categorie
CREATE TABLE IF NOT EXISTS `categorie` (
  `id_categorie` int(11) NOT NULL AUTO_INCREMENT,
  `nom_categorie` varchar(50) NOT NULL,
  `icone` varchar(100) NOT NULL DEFAULT '',
  PRIMARY KEY (`id_categorie`)
) ENGINE=InnoDB AUTO_INCREMENT=7 DEFAULT CHARSET=utf8;

-- Listage des données de la table piecedetache.categorie : ~6 rows (environ)
INSERT INTO `categorie` (`id_categorie`, `nom_categorie`, `icone`) VALUES
	(1, 'Moteur', 'DirectionsCar'),
	(2, 'Transmission', 'BatteryChargingFull'),
	(3, 'Freins', 'Build'),
	(4, 'Suspension', 'Engineering'),
	(5, 'Energie', 'Bolt'),
	(6, 'Échappement', 'DirectionsCarFilled');

-- Listage de la structure de la table piecedetache. client
CREATE TABLE IF NOT EXISTS `client` (
  `id_client` int(11) NOT NULL AUTO_INCREMENT,
  `nom` varchar(100) NOT NULL,
  `prenom` varchar(100) NOT NULL,
  `username` varchar(100) DEFAULT NULL,
  `email` varchar(100) NOT NULL,
  `telephone` varchar(20) NOT NULL,
  `password` varchar(255) NOT NULL,
  `accept_terms` tinyint(1) NOT NULL DEFAULT '0',
  PRIMARY KEY (`id_client`),
  UNIQUE KEY `username` (`username`)
) ENGINE=InnoDB AUTO_INCREMENT=16 DEFAULT CHARSET=utf8;

-- Listage des données de la table piecedetache.client : ~2 rows (environ)
INSERT INTO `client` (`id_client`, `nom`, `prenom`, `username`, `email`, `telephone`, `password`, `accept_terms`) VALUES
	(15, 'Test1', 'Test1', 'test1188', 'test1@gmail.com', '0666161697', '$2a$10$VCAjDsSYt0Ew8TvDI9hDke0yF6ojIUyUA0KRds7DS0FPhNlsZ0OiS', 1);

-- Listage de la structure de la table piecedetache. commande
CREATE TABLE IF NOT EXISTS `commande` (
  `id_commande` int(11) NOT NULL AUTO_INCREMENT,
  `id_client` int(11) NOT NULL,
  `date` datetime DEFAULT CURRENT_TIMESTAMP,
  PRIMARY KEY (`id_commande`),
  KEY `id_client` (`id_client`),
  CONSTRAINT `commande_ibfk_1` FOREIGN KEY (`id_client`) REFERENCES `client` (`id_client`) ON DELETE CASCADE
) ENGINE=InnoDB AUTO_INCREMENT=2 DEFAULT CHARSET=utf8;

-- Listage des données de la table piecedetache.commande : ~1 rows (environ)
INSERT INTO `commande` (`id_commande`, `id_client`, `date`) VALUES
	(1, 15, '2025-02-18 01:13:46');

-- Listage de la structure de la table piecedetache. commande_piece
CREATE TABLE IF NOT EXISTS `commande_piece` (
  `id_commande` int(11) NOT NULL,
  `id_piece` int(11) NOT NULL,
  `quantite` int(11) NOT NULL DEFAULT '1',
  `etat` varchar(50) DEFAULT NULL,
  PRIMARY KEY (`id_commande`,`id_piece`),
  KEY `id_piece` (`id_piece`),
  CONSTRAINT `commande_piece_ibfk_1` FOREIGN KEY (`id_commande`) REFERENCES `commande` (`id_commande`) ON DELETE CASCADE,
  CONSTRAINT `commande_piece_ibfk_2` FOREIGN KEY (`id_piece`) REFERENCES `piece` (`id_piece`) ON DELETE CASCADE
) ENGINE=InnoDB DEFAULT CHARSET=utf8;

-- Listage des données de la table piecedetache.commande_piece : ~1 rows (environ)
INSERT INTO `commande_piece` (`id_commande`, `id_piece`, `quantite`, `etat`) VALUES
	(1, 1, 3, 'en attente');

-- Listage de la structure de la table piecedetache. commune
CREATE TABLE IF NOT EXISTS `commune` (
  `idCommune` int(11) NOT NULL AUTO_INCREMENT,
  `commune` varchar(512) COLLATE utf8mb4_unicode_ci DEFAULT NULL,
  `idWilaya` int(11) DEFAULT NULL,
  PRIMARY KEY (`idCommune`),
  KEY `idWilaya` (`idWilaya`),
  CONSTRAINT `commune_ibfk_1` FOREIGN KEY (`idWilaya`) REFERENCES `wilaya` (`idWilaya`)
) ENGINE=InnoDB AUTO_INCREMENT=1542 DEFAULT CHARSET=utf8mb4 COLLATE=utf8mb4_unicode_ci;

-- Listage des données de la table piecedetache.commune : ~1 541 rows (environ)
INSERT INTO `commune` (`idCommune`, `commune`, `idWilaya`) VALUES
	(1, 'Adrar', 1),
	(2, 'Akabli', 1),
	(3, 'Aougrout', 49),
	(4, 'Aoulef', 1),
	(5, 'Bordj Badji Mokhtar', 50),
	(6, 'Bouda', 1),
	(7, 'Charouine', 49),
	(8, 'Deldoul', 49),
	(9, 'Fenoughil', 1),
	(10, 'In Zghmir', 1),
	(11, 'Ksar Kaddour', 49),
	(12, 'Metarfa', 49),
	(13, 'Ouled Ahmed Timmi', 1),
	(14, 'Ouled Aissa', 49),
	(15, 'Ouled Said', 49),
	(16, 'Reggane', 1),
	(17, 'Sali', 1),
	(18, 'Sebaa', 1),
	(19, 'Talmine', 49),
	(20, 'Tamantit', 1),
	(21, 'Tamest', 1),
	(22, 'Timekten', 1),
	(23, 'Timiaouine', 50),
	(24, 'Timimoun', 49),
	(25, 'Tinerkouk', 49),
	(26, 'Tit', 1),
	(27, 'Tsabit', 1),
	(28, 'Zaouiet Kounta', 1),
	(29, 'Abou El Hassane', 2),
	(30, 'Ain Merane', 2),
	(31, 'Benairia', 2),
	(32, 'Beni  Bouattab', 2),
	(33, 'Beni Haoua', 2),
	(34, 'Beni Rached', 2),
	(35, 'Boukadir', 2),
	(36, 'Bouzeghaia', 2),
	(37, 'Breira', 2),
	(38, 'Chettia', 2),
	(39, 'Chlef', 2),
	(40, 'Dahra', 2),
	(41, 'El Hadjadj', 2),
	(42, 'El Karimia', 2),
	(43, 'El Marsa', 2),
	(44, 'Harchoun', 2),
	(45, 'Herenfa', 2),
	(46, 'Labiod Medjadja', 2),
	(47, 'Moussadek', 2),
	(48, 'Oued Fodda', 2),
	(49, 'Oued Goussine', 2),
	(50, 'Oued Sly', 2),
	(51, 'Ouled Abbes', 2),
	(52, 'Ouled Ben Abdelkader', 2),
	(53, 'Ouled Fares', 2),
	(54, 'Oum Drou', 2),
	(55, 'Sendjas', 2),
	(56, 'Sidi Abderrahmane', 2),
	(57, 'Sidi Akkacha', 2),
	(58, 'Sobha', 2),
	(59, 'Tadjena', 2),
	(60, 'Talassa', 2),
	(61, 'Taougrit', 2),
	(62, 'Tenes', 2),
	(63, 'Zeboudja', 2),
	(64, 'Aflou', 3),
	(65, 'Ain Madhi', 3),
	(66, 'Ain Sidi Ali', 3),
	(67, 'El Beidha', 3),
	(68, 'Benacer Benchohra', 3),
	(69, 'Brida', 3),
	(70, 'El Assafia', 3),
	(71, 'El Ghicha', 3),
	(72, 'El Haouaita', 3),
	(73, 'Gueltat Sidi Saad', 3),
	(74, 'Hadj Mechri', 3),
	(75, 'Hassi Delaa', 3),
	(76, 'Hassi R\'mel', 3),
	(77, 'Kheneg', 3),
	(78, 'Ksar El Hirane', 3),
	(79, 'Laghouat', 3),
	(80, 'Oued Morra', 3),
	(81, 'Oued M\'zi', 3),
	(82, 'Sebgag', 3),
	(83, 'Sidi Bouzid', 3),
	(84, 'Sidi Makhlouf', 3),
	(85, 'Tadjemout', 3),
	(86, 'Tadjrouna', 3),
	(87, 'Taouiala', 3),
	(88, 'Ain Babouche', 4),
	(89, 'Ain Beida', 4),
	(90, 'Ain Diss', 4),
	(91, 'Ain Fekroun', 4),
	(92, 'Ain Kercha', 4),
	(93, 'Ain M\'lila', 4),
	(94, 'Ain Zitoun', 4),
	(95, 'Behir Chergui', 4),
	(96, 'Berriche', 4),
	(97, 'Bir Chouhada', 4),
	(98, 'Dhalaa', 4),
	(99, 'El Amiria', 4),
	(100, 'El Belala', 4),
	(101, 'El Djazia', 4),
	(102, 'El Fedjoudj Boughrara Sa', 4),
	(103, 'El Harmilia', 4),
	(104, 'Fkirina', 4),
	(105, 'Hanchir Toumghani', 4),
	(106, 'Ksar Sbahi', 4),
	(107, 'Meskiana', 4),
	(108, 'Oued Nini', 4),
	(109, 'Ouled Gacem', 4),
	(110, 'Ouled Hamla', 4),
	(111, 'Ouled Zouai', 4),
	(112, 'Oum El Bouaghi', 4),
	(113, 'Rahia', 4),
	(114, 'Sigus', 4),
	(115, 'Souk Naamane', 4),
	(116, 'Zorg', 4),
	(117, 'Ain Djasser', 5),
	(118, 'Ain Touta', 5),
	(119, 'Ain Yagout', 5),
	(120, 'Arris', 5),
	(121, 'Azil Abedelkader', 5),
	(122, 'Barika', 5),
	(123, 'Batna', 5),
	(124, 'Beni Foudhala El Hakania', 5),
	(125, 'Bitam', 5),
	(126, 'Boulhilat', 5),
	(127, 'Boumagueur', 5),
	(128, 'Boumia', 5),
	(129, 'Bouzina', 5),
	(130, 'Chemora', 5),
	(131, 'Chir', 5),
	(132, 'Djerma', 5),
	(133, 'Djezzar', 5),
	(134, 'El Hassi', 5),
	(135, 'El Madher', 5),
	(136, 'Fesdis', 5),
	(137, 'Foum Toub', 5),
	(138, 'Ghassira', 5),
	(139, 'Gosbat', 5),
	(140, 'Guigba', 5),
	(141, 'Hidoussa', 5),
	(142, 'Ichemoul', 5),
	(143, 'Inoughissen', 5),
	(144, 'Kimmel', 5),
	(145, 'Ksar Bellezma', 5),
	(146, 'Larbaa', 5),
	(147, 'Lazrou', 5),
	(148, 'Lemcene', 5),
	(149, 'M Doukal', 5),
	(150, 'Maafa', 5),
	(151, 'Menaa', 5),
	(152, 'Merouana', 5),
	(153, 'N Gaous', 5),
	(154, 'Oued Chaaba', 5),
	(155, 'Oued El Ma', 5),
	(156, 'Oued Taga', 5),
	(157, 'Ouled Ammar', 5),
	(158, 'Ouled Aouf', 5),
	(159, 'Ouled Fadel', 5),
	(160, 'Ouled Sellem', 5),
	(161, 'Ouled Si Slimane', 5),
	(162, 'Ouyoun El Assafir', 5),
	(163, 'Rahbat', 5),
	(164, 'Ras El Aioun', 5),
	(165, 'Sefiane', 5),
	(166, 'Seggana', 5),
	(167, 'Seriana', 5),
	(168, 'T Kout', 5),
	(169, 'Talkhamt', 5),
	(170, 'Taxlent', 5),
	(171, 'Tazoult', 5),
	(172, 'Teniet El Abed', 5),
	(173, 'Tighanimine', 5),
	(174, 'Tigharghar', 5),
	(175, 'Tilatou', 5),
	(176, 'Timgad', 5),
	(177, 'Zanet El Beida', 5),
	(178, 'Adekar', 6),
	(179, 'Ait R\'zine', 6),
	(180, 'Ait-Smail', 6),
	(181, 'Akbou', 6),
	(182, 'Akfadou', 6),
	(183, 'Amalou', 6),
	(184, 'Amizour', 6),
	(185, 'Aokas', 6),
	(186, 'Barbacha', 6),
	(187, 'Bejaia', 6),
	(188, 'Beni Djellil', 6),
	(189, 'Beni K\'sila', 6),
	(190, 'Beni-Mallikeche', 6),
	(191, 'Benimaouche', 6),
	(192, 'Boudjellil', 6),
	(193, 'Bouhamza', 6),
	(194, 'Boukhelifa', 6),
	(195, 'Chellata', 6),
	(196, 'Chemini', 6),
	(197, 'Darguina', 6),
	(198, 'Dra El Caid', 6),
	(199, 'Leflaye', 6),
	(200, 'El Kseur', 6),
	(201, 'Fenaia Il Maten', 6),
	(202, 'Feraoun', 6),
	(203, 'Ouzellaguen', 6),
	(204, 'Ighil-Ali', 6),
	(205, 'Ighram', 6),
	(206, 'Kendira', 6),
	(207, 'Kherrata', 6),
	(208, 'M\'cisna', 6),
	(209, 'Melbou', 6),
	(210, 'Oued Ghir', 6),
	(211, 'Seddouk', 6),
	(212, 'Sidi Ayad', 6),
	(213, 'Sidi-Aich', 6),
	(214, 'Smaoun', 6),
	(215, 'Souk El Tenine', 6),
	(216, 'Souk Oufella', 6),
	(217, 'Tala Hamza', 6),
	(218, 'Tamokra', 6),
	(219, 'Tamridjet', 6),
	(220, 'Taourit Ighil', 6),
	(221, 'Taskriout', 6),
	(222, 'Tazmalt', 6),
	(223, 'Tibane', 6),
	(224, 'Tichy', 6),
	(225, 'Tifra', 6),
	(226, 'Timezrit', 6),
	(227, 'Tinebdar', 6),
	(228, 'Tizi-N\'berber', 6),
	(229, 'Toudja', 6),
	(230, 'Ain Naga', 7),
	(231, 'Ain Zaatout', 7),
	(232, 'Besbes', 51),
	(233, 'Biskra', 7),
	(234, 'Bordj Ben Azzouz', 7),
	(235, 'Bouchakroun', 7),
	(236, 'Branis', 7),
	(237, 'Chaiba', 51),
	(238, 'Chetma', 7),
	(239, 'Djemorah', 7),
	(240, 'Doucen', 51),
	(241, 'El Feidh', 7),
	(242, 'El Ghrous', 7),
	(243, 'El Hadjab', 7),
	(244, 'El Haouch', 7),
	(245, 'El Kantara', 7),
	(246, 'El Outaya', 7),
	(247, 'Foughala', 7),
	(248, 'Khenguet Sidi Nadji', 7),
	(249, 'Lichana', 7),
	(250, 'Lioua', 7),
	(251, 'M\'chouneche', 7),
	(252, 'Mekhadma', 7),
	(253, 'Meziraa', 7),
	(254, 'M\'lili', 7),
	(255, 'Ouled Djellal', 51),
	(256, 'Oumache', 7),
	(257, 'Ourlal', 7),
	(258, 'Ras El Miad', 51),
	(259, 'Sidi Khaled', 51),
	(260, 'Sidi Okba', 7),
	(261, 'Tolga', 7),
	(262, 'Zeribet El Oued', 7),
	(263, 'Abadla', 8),
	(264, 'Bechar', 8),
	(265, 'Beni-Abbes', 52),
	(266, 'Beni-Ikhlef', 52),
	(267, 'Beni-Ounif', 8),
	(268, 'Boukais', 8),
	(269, 'El Ouata', 52),
	(270, 'Erg-Ferradj', 8),
	(271, 'Igli', 52),
	(272, 'Kenadsa', 8),
	(273, 'Kerzaz', 52),
	(274, 'Ksabi', 52),
	(275, 'Lahmar', 8),
	(276, 'Machraa-Houari-Boumediene', 8),
	(277, 'Meridja', 8),
	(278, 'Mogheul', 8),
	(279, 'Ouled-Khodeir', 52),
	(280, 'Tabelbala', 8),
	(281, 'Taghit', 8),
	(282, 'Tamtert', 52),
	(283, 'Timoudi', 52),
	(284, 'Ain Romana', 9),
	(285, 'Beni Mered', 9),
	(286, 'Beni-Tamou', 9),
	(287, 'Benkhelil', 9),
	(288, 'Blida', 9),
	(289, 'Bouarfa', 9),
	(290, 'Boufarik', 9),
	(291, 'Bougara', 9),
	(292, 'Bouinan', 9),
	(293, 'Chebli', 9),
	(294, 'Chiffa', 9),
	(295, 'Chrea', 9),
	(296, 'Djebabra', 9),
	(297, 'El-Affroun', 9),
	(298, 'Guerrouaou', 9),
	(299, 'Hammam Elouane', 9),
	(300, 'Larbaa', 9),
	(301, 'Meftah', 9),
	(302, 'Mouzaia', 9),
	(303, 'Oued  Djer', 9),
	(304, 'Oued El Alleug', 9),
	(305, 'Ouled Slama', 9),
	(306, 'Ouled Yaich', 9),
	(307, 'Souhane', 9),
	(308, 'Soumaa', 9),
	(309, 'Aghbalou', 10),
	(310, 'Ahl El Ksar', 10),
	(311, 'Ain El Hadjar', 10),
	(312, 'Ain Laloui', 10),
	(313, 'Ain Turk', 10),
	(314, 'Ain-Bessem', 10),
	(315, 'Ait Laaziz', 10),
	(316, 'Aomar', 10),
	(317, 'Bechloul', 10),
	(318, 'Bir Ghbalou', 10),
	(319, 'Bordj Okhriss', 10),
	(320, 'Bouderbala', 10),
	(321, 'Bouira', 10),
	(322, 'Boukram', 10),
	(323, 'Chorfa', 10),
	(324, 'Dechmia', 10),
	(325, 'Dirah', 10),
	(326, 'Djebahia', 10),
	(327, 'El Adjiba', 10),
	(328, 'El Asnam', 10),
	(329, 'El Hachimia', 10),
	(330, 'El Khabouzia', 10),
	(331, 'El-Hakimia', 10),
	(332, 'El-Mokrani', 10),
	(333, 'Guerrouma', 10),
	(334, 'Hadjera Zerga', 10),
	(335, 'Haizer', 10),
	(336, 'Hanif', 10),
	(337, 'Kadiria', 10),
	(338, 'Lakhdaria', 10),
	(339, 'M Chedallah', 10),
	(340, 'Maala', 10),
	(341, 'Maamora', 10),
	(342, 'Mezdour', 10),
	(343, 'Oued El Berdi', 10),
	(344, 'Ouled Rached', 10),
	(345, 'Raouraoua', 10),
	(346, 'Ridane', 10),
	(347, 'Saharidj', 10),
	(348, 'Souk El Khemis', 10),
	(349, 'Sour El Ghozlane', 10),
	(350, 'Taghzout', 10),
	(351, 'Taguedite', 10),
	(352, 'Ath Mansour', 10),
	(353, 'Z\'barbar (El Isseri )', 10),
	(354, 'Abelsa', 11),
	(355, 'Ain Amguel', 11),
	(356, 'Ain Guezzam', 54),
	(357, 'Ain Salah', 53),
	(358, 'Foggaret Ezzoua', 53),
	(359, 'Idles', 11),
	(360, 'Inghar', 53),
	(361, 'Tamanrasset', 11),
	(362, 'Tazrouk', 11),
	(363, 'Tin Zouatine', 54),
	(364, 'Ain Zerga', 12),
	(365, 'Bedjene', 12),
	(366, 'Bekkaria', 12),
	(367, 'Bir Dheheb', 12),
	(368, 'Bir Mokkadem', 12),
	(369, 'Bir-El-Ater', 12),
	(370, 'Boukhadra', 12),
	(371, 'Boulhaf Dyr', 12),
	(372, 'Cheria', 12),
	(373, 'El Kouif', 12),
	(374, 'El Malabiod', 12),
	(375, 'El Meridj', 12),
	(376, 'El Mezeraa', 12),
	(377, 'El Ogla', 12),
	(378, 'El Ogla El Malha', 12),
	(379, 'El-Aouinet', 12),
	(380, 'El-Houidjbet', 12),
	(381, 'Ferkane', 12),
	(382, 'Guorriguer', 12),
	(383, 'Hammamet', 12),
	(384, 'Morsott', 12),
	(385, 'Negrine', 12),
	(386, 'Ouenza', 12),
	(387, 'Oum Ali', 12),
	(388, 'Saf Saf El Ouesra', 12),
	(389, 'Stah Guentis', 12),
	(390, 'Tebessa', 12),
	(391, 'Telidjen', 12),
	(392, 'Ain Fetah', 13),
	(393, 'Ain Fezza', 13),
	(394, 'Ain Ghoraba', 13),
	(395, 'Ain Kebira', 13),
	(396, 'Ain Nehala', 13),
	(397, 'Ain Tellout', 13),
	(398, 'Ain Youcef', 13),
	(399, 'Amieur', 13),
	(400, 'Bab El Assa', 13),
	(401, 'Beni Bahdel', 13),
	(402, 'Beni Boussaid', 13),
	(403, 'Beni Khellad', 13),
	(404, 'Beni Mester', 13),
	(405, 'Beni Ouarsous', 13),
	(406, 'Beni Smiel', 13),
	(407, 'Beni Snous', 13),
	(408, 'Bensekrane', 13),
	(409, 'Bouhlou', 13),
	(410, 'Bouihi', 13),
	(411, 'Chetouane', 13),
	(412, 'Dar Yaghmoracen', 13),
	(413, 'Djebala', 13),
	(414, 'El Aricha', 13),
	(415, 'Azail', 13),
	(416, 'El Fehoul', 13),
	(417, 'El Gor', 13),
	(418, 'Fellaoucene', 13),
	(419, 'Ghazaouet', 13),
	(420, 'Hammam Boughrara', 13),
	(421, 'Hennaya', 13),
	(422, 'Honnaine', 13),
	(423, 'Maghnia', 13),
	(424, 'Mansourah', 13),
	(425, 'Marsa Ben M\'hidi', 13),
	(426, 'M\'sirda Fouaga', 13),
	(427, 'Nedroma', 13),
	(428, 'Oued Lakhdar', 13),
	(429, 'Ouled Mimoun', 13),
	(430, 'Ouled Riyah', 13),
	(431, 'Remchi', 13),
	(432, 'Sabra', 13),
	(433, 'Sebbaa Chioukh', 13),
	(434, 'Sebdou', 13),
	(435, 'Sidi Abdelli', 13),
	(436, 'Sidi Djillali', 13),
	(437, 'Sidi Medjahed', 13),
	(438, 'Souahlia', 13),
	(439, 'Souani', 13),
	(440, 'Souk Tleta', 13),
	(441, 'Terny Beni Hediel', 13),
	(442, 'Tianet', 13),
	(443, 'Tlemcen', 13),
	(444, 'Zenata', 13),
	(445, 'Ain Bouchekif', 14),
	(446, 'Ain Deheb', 14),
	(447, 'Ain Dzarit', 14),
	(448, 'Ain El Hadid', 14),
	(449, 'Ain Kermes', 14),
	(450, 'Bougara', 14),
	(451, 'Chehaima', 14),
	(452, 'Dahmouni', 14),
	(453, 'Djebilet Rosfa', 14),
	(454, 'Djillali Ben Amar', 14),
	(455, 'Faidja', 14),
	(456, 'Frenda', 14),
	(457, 'Guertoufa', 14),
	(458, 'Hamadia', 14),
	(459, 'Ksar Chellala', 14),
	(460, 'Madna', 14),
	(461, 'Mahdia', 14),
	(462, 'Mechraa Safa', 14),
	(463, 'Medrissa', 14),
	(464, 'Medroussa', 14),
	(465, 'Meghila', 14),
	(466, 'Mellakou', 14),
	(467, 'Nadorah', 14),
	(468, 'Naima', 14),
	(469, 'Oued Lilli', 14),
	(470, 'Rahouia', 14),
	(471, 'Rechaiga', 14),
	(472, 'Sebaine', 14),
	(473, 'Sebt', 14),
	(474, 'Serghine', 14),
	(475, 'Si Abdelghani', 14),
	(476, 'Sidi Abderrahmane', 14),
	(477, 'Sidi Ali Mellal', 14),
	(478, 'Sidi Bakhti', 14),
	(479, 'Sidi Hosni', 14),
	(480, 'Sougueur', 14),
	(481, 'Tagdempt', 14),
	(482, 'Takhemaret', 14),
	(483, 'Tiaret', 14),
	(484, 'Tidda', 14),
	(485, 'Tousnina', 14),
	(486, 'Zmalet El Emir Abdelkade', 14),
	(487, 'Abi-Youcef', 15),
	(488, 'Aghribs', 15),
	(489, 'Agouni-Gueghrane', 15),
	(490, 'Ain-El-Hammam', 15),
	(491, 'Ain-Zaouia', 15),
	(492, 'Ait Aggouacha', 15),
	(493, 'Ait Bouaddou', 15),
	(494, 'Ait Boumahdi', 15),
	(495, 'Ait Khellili', 15),
	(496, 'Ait Yahia Moussa', 15),
	(497, 'Ait-Aissa-Mimoun', 15),
	(498, 'Ait-Chafaa', 15),
	(499, 'Ait-Mahmoud', 15),
	(500, 'Ait-Oumalou', 15),
	(501, 'Ait-Toudert', 15),
	(502, 'Ait-Yahia', 15),
	(503, 'Akbil', 15),
	(504, 'Akerrou', 15),
	(505, 'Assi-Youcef', 15),
	(506, 'Azazga', 15),
	(507, 'Azeffoun', 15),
	(508, 'Beni Zmenzer', 15),
	(509, 'Beni-Aissi', 15),
	(510, 'Beni-Douala', 15),
	(511, 'Beni-Yenni', 15),
	(512, 'Beni-Zikki', 15),
	(513, 'Boghni', 15),
	(514, 'Boudjima', 15),
	(515, 'Bounouh', 15),
	(516, 'Bouzeguene', 15),
	(517, 'Draa-Ben-Khedda', 15),
	(518, 'Draa-El-Mizan', 15),
	(519, 'Freha', 15),
	(520, 'Frikat', 15),
	(521, 'Iboudrarene', 15),
	(522, 'Idjeur', 15),
	(523, 'Iferhounene', 15),
	(524, 'Ifigha', 15),
	(525, 'Iflissen', 15),
	(526, 'Illilten', 15),
	(527, 'Illoula Oumalou', 15),
	(528, 'Imsouhal', 15),
	(529, 'Irdjen', 15),
	(530, 'Larbaa Nath Irathen', 15),
	(531, 'Maatkas', 15),
	(532, 'Makouda', 15),
	(533, 'Mechtras', 15),
	(534, 'Mekla', 15),
	(535, 'Mizrana', 15),
	(536, 'M\'kira', 15),
	(537, 'Ouacif', 15),
	(538, 'Ouadhias', 15),
	(539, 'Ouaguenoun', 15),
	(540, 'Sidi Namane', 15),
	(541, 'Souama', 15),
	(542, 'Souk-El-Tenine', 15),
	(543, 'Tadmait', 15),
	(544, 'Tigzirt', 15),
	(545, 'Timizart', 15),
	(546, 'Tirmitine', 15),
	(547, 'Tizi N\'tleta', 15),
	(548, 'Tizi-Gheniff', 15),
	(549, 'Tizi-Ouzou', 15),
	(550, 'Tizi-Rached', 15),
	(551, 'Yakourene', 15),
	(552, 'Yatafene', 15),
	(553, 'Zekri', 15),
	(554, 'Ain Benian', 16),
	(555, 'Ain Taya', 16),
	(556, 'Alger Centre', 16),
	(557, 'Bab El Oued', 16),
	(558, 'Bab Ezzouar', 16),
	(559, 'Baba Hassen', 16),
	(560, 'Bachedjerah', 16),
	(561, 'Baraki', 16),
	(562, 'Ben Aknoun', 16),
	(563, 'Beni Messous', 16),
	(564, 'Bir Mourad Rais', 16),
	(565, 'Birkhadem', 16),
	(566, 'Bir Touta', 16),
	(567, 'Bologhine Ibnou Ziri', 16),
	(568, 'Bordj El Bahri', 16),
	(569, 'Bordj El Kiffan', 16),
	(570, 'Bourouba', 16),
	(571, 'Bouzareah', 16),
	(572, 'Casbah', 16),
	(573, 'Cheraga', 16),
	(574, 'Dar El Beida', 16),
	(575, 'Dely Ibrahim', 16),
	(576, 'Djasr Kasentina', 16),
	(577, 'Douira', 16),
	(578, 'Draria', 16),
	(579, 'El Achour', 16),
	(580, 'El Biar', 16),
	(581, 'El Harrach', 16),
	(582, 'El Madania', 16),
	(583, 'El Magharia', 16),
	(584, 'El Marsa', 16),
	(585, 'El Mouradia', 16),
	(586, 'Hammamet', 16),
	(587, 'Herraoua', 16),
	(588, 'Hussein Dey', 16),
	(589, 'Hydra', 16),
	(590, 'Khraissia', 16),
	(591, 'Kouba', 16),
	(592, 'Les Eucalyptus', 16),
	(593, 'Maalma', 16),
	(594, 'Mohamed Belouzdad', 16),
	(595, 'Mohammadia', 16),
	(596, 'Oued Koriche', 16),
	(597, 'Oued Smar', 16),
	(598, 'Ouled Chebel', 16),
	(599, 'Ouled Fayet', 16),
	(600, 'Rahmania', 16),
	(601, 'Rais Hamidou', 16),
	(602, 'Reghaia', 16),
	(603, 'Rouiba', 16),
	(604, 'Sehaoula', 16),
	(605, 'Sidi M\'hamed', 16),
	(606, 'Sidi Moussa', 16),
	(607, 'Souidania', 16),
	(608, 'Staoueli', 16),
	(609, 'Tessala El Merdja', 16),
	(610, 'Zeralda', 16),
	(611, 'Ain Chouhada', 17),
	(612, 'Ain El Ibel', 17),
	(613, 'Ain Fekka', 17),
	(614, 'Ain Maabed', 17),
	(615, 'Ain Oussera', 17),
	(616, 'Amourah', 17),
	(617, 'Benhar', 17),
	(618, 'Benyagoub', 17),
	(619, 'Birine', 17),
	(620, 'Bouira Lahdab', 17),
	(621, 'Charef', 17),
	(622, 'Dar Chioukh', 17),
	(623, 'Deldoul', 17),
	(624, 'Djelfa', 17),
	(625, 'Douis', 17),
	(626, 'El Guedid', 17),
	(627, 'El Idrissia', 17),
	(628, 'El Khemis', 17),
	(629, 'Faidh El Botma', 17),
	(630, 'Guernini', 17),
	(631, 'Guettara', 17),
	(632, 'Had Sahary', 17),
	(633, 'Hassi Bahbah', 17),
	(634, 'Hassi El Euch', 17),
	(635, 'Hassi Fedoul', 17),
	(636, 'Messaad', 17),
	(637, 'M\'liliha', 17),
	(638, 'Moudjebara', 17),
	(639, 'Oum Laadham', 17),
	(640, 'Sed Rahal', 17),
	(641, 'Selmana', 17),
	(642, 'Sidi Baizid', 17),
	(643, 'Sidi Laadjel', 17),
	(644, 'Taadmit', 17),
	(645, 'Zaafrane', 17),
	(646, 'Zaccar', 17),
	(647, 'Bordj T\'har', 18),
	(648, 'Boudria Beniyadjis', 18),
	(649, 'Bouraoui Belhadef', 18),
	(650, 'Boussif Ouled Askeur', 18),
	(651, 'Chahna', 18),
	(652, 'Chekfa', 18),
	(653, 'Djemaa Beni Habibi', 18),
	(654, 'Djimla', 18),
	(655, 'El Ancer', 18),
	(656, 'El Aouana', 18),
	(657, 'El Kennar Nouchfi', 18),
	(658, 'El Milia', 18),
	(659, 'Emir Abdelkader', 18),
	(660, 'Erraguene Souissi', 18),
	(661, 'Ghebala', 18),
	(662, 'Jijel', 18),
	(663, 'Kaous', 18),
	(664, 'Khiri Oued Adjoul', 18),
	(665, 'Oudjana', 18),
	(666, 'Ouled Rabah', 18),
	(667, 'Ouled Yahia Khadrouch', 18),
	(668, 'Selma Benziada', 18),
	(669, 'Settara', 18),
	(670, 'Sidi Abdelaziz', 18),
	(671, 'Sidi Marouf', 18),
	(672, 'Taher', 18),
	(673, 'Texenna', 18),
	(674, 'Ziama Mansouriah', 18),
	(675, 'Ain Abessa', 19),
	(676, 'Ain Arnat', 19),
	(677, 'Ain Azel', 19),
	(678, 'Ain El Kebira', 19),
	(679, 'Ain Lahdjar', 19),
	(680, 'Ain Oulmene', 19),
	(681, 'Ain-Legradj', 19),
	(682, 'Ain-Roua', 19),
	(683, 'Ain-Sebt', 19),
	(684, 'Ait Naoual Mezada', 19),
	(685, 'Ait-Tizi', 19),
	(686, 'Amoucha', 19),
	(687, 'Babor', 19),
	(688, 'Bazer-Sakra', 19),
	(689, 'Beidha Bordj', 19),
	(690, 'Bellaa', 19),
	(691, 'Beni Chebana', 19),
	(692, 'Beni Fouda', 19),
	(693, 'Beni Ourtilane', 19),
	(694, 'Beni Oussine', 19),
	(695, 'Beni-Aziz', 19),
	(696, 'Beni-Mouhli', 19),
	(697, 'Bir Haddada', 19),
	(698, 'Bir-El-Arch', 19),
	(699, 'Bouandas', 19),
	(700, 'Bougaa', 19),
	(701, 'Bousselam', 19),
	(702, 'Boutaleb', 19),
	(703, 'Dehamcha', 19),
	(704, 'Djemila', 19),
	(705, 'Draa-Kebila', 19),
	(706, 'El Eulma', 19),
	(707, 'El Ouricia', 19),
	(708, 'El-Ouldja', 19),
	(709, 'Guellal', 19),
	(710, 'Guelta Zerka', 19),
	(711, 'Guenzet', 19),
	(712, 'Guidjel', 19),
	(713, 'Hamam Soukhna', 19),
	(714, 'Hamma', 19),
	(715, 'Hammam Guergour', 19),
	(716, 'Harbil', 19),
	(717, 'Kasr El Abtal', 19),
	(718, 'Maaouia', 19),
	(719, 'Maouaklane', 19),
	(720, 'Mezloug', 19),
	(721, 'Oued El Bared', 19),
	(722, 'Ouled Addouane', 19),
	(723, 'Ouled Sabor', 19),
	(724, 'Ouled Si Ahmed', 19),
	(725, 'Ouled Tebben', 19),
	(726, 'Rosfa', 19),
	(727, 'Salah Bey', 19),
	(728, 'Serdj-El-Ghoul', 19),
	(729, 'Setif', 19),
	(730, 'Tachouda', 19),
	(731, 'Tala-Ifacene', 19),
	(732, 'Taya', 19),
	(733, 'Tella', 19),
	(734, 'Tizi N\'bechar', 19),
	(735, 'Ain El Hadjar', 20),
	(736, 'Ain Sekhouna', 20),
	(737, 'Ain Soltane', 20),
	(738, 'Doui Thabet', 20),
	(739, 'El Hassasna', 20),
	(740, 'Hounet', 20),
	(741, 'Maamora', 20),
	(742, 'Moulay Larbi', 20),
	(743, 'Ouled Brahim', 20),
	(744, 'Ouled Khaled', 20),
	(745, 'Saida', 20),
	(746, 'Sidi Ahmed', 20),
	(747, 'Sidi Amar', 20),
	(748, 'Sidi Boubekeur', 20),
	(749, 'Tircine', 20),
	(750, 'Youb', 20),
	(751, 'Ain Bouziane', 21),
	(752, 'Ain Charchar', 21),
	(753, 'Ain Kechra', 21),
	(754, 'Ain Zouit', 21),
	(755, 'Azzaba', 21),
	(756, 'Bekkouche Lakhdar', 21),
	(757, 'Ben Azzouz', 21),
	(758, 'Beni Bechir', 21),
	(759, 'Beni Oulbane', 21),
	(760, 'Beni Zid', 21),
	(761, 'Bin El Ouiden', 21),
	(762, 'Bouchetata', 21),
	(763, 'Cheraia', 21),
	(764, 'Collo', 21),
	(765, 'Djendel Saadi Mohamed', 21),
	(766, 'El Arrouch', 21),
	(767, 'El Ghedir', 21),
	(768, 'El Hadaiek', 21),
	(769, 'El Marsa', 21),
	(770, 'Emjez Edchich', 21),
	(771, 'Es Sebt', 21),
	(772, 'Filfila', 21),
	(773, 'Hammadi Krouma', 21),
	(774, 'Kanoua', 21),
	(775, 'Kerkara', 21),
	(776, 'Khenag Maoune', 21),
	(777, 'Oued Zhour', 21),
	(778, 'Ouldja Boulbalout', 21),
	(779, 'Ouled Attia', 21),
	(780, 'Ouled Habbaba', 21),
	(781, 'Oum Toub', 21),
	(782, 'Ramdane Djamel', 21),
	(783, 'Salah Bouchaour', 21),
	(784, 'Sidi Mezghiche', 21),
	(785, 'Skikda', 21),
	(786, 'Tamalous', 21),
	(787, 'Zerdezas', 21),
	(788, 'Zitouna', 21),
	(789, 'Ain El Berd', 22),
	(790, 'Ain Kada', 22),
	(791, 'Ain Thrid', 22),
	(792, 'Ain Tindamine', 22),
	(793, 'Ain- Adden', 22),
	(794, 'Amarnas', 22),
	(795, 'Bedrabine El Mokrani', 22),
	(796, 'Belarbi', 22),
	(797, 'Ben Badis', 22),
	(798, 'Benachiba Chelia', 22),
	(799, 'Bir El Hammam', 22),
	(800, 'Boudjebaa El Bordj', 22),
	(801, 'Boukhanefis', 22),
	(802, 'Chetouane Belaila', 22),
	(803, 'Dhaya', 22),
	(804, 'El Hacaiba', 22),
	(805, 'Hassi Dahou', 22),
	(806, 'Hassi Zahana', 22),
	(807, 'Lamtar', 22),
	(808, 'Makedra', 22),
	(809, 'Marhoum', 22),
	(810, 'M\'cid', 22),
	(811, 'Merine', 22),
	(812, 'Mezaourou', 22),
	(813, 'Mostefa  Ben Brahim', 22),
	(814, 'Moulay Slissen', 22),
	(815, 'Oued Sebaa', 22),
	(816, 'Oued Sefioun', 22),
	(817, 'Oued Taourira', 22),
	(818, 'Ras El Ma', 22),
	(819, 'Redjem Demouche', 22),
	(820, 'Sehala Thaoura', 22),
	(821, 'Sfisef', 22),
	(822, 'Sidi Ali Benyoub', 22),
	(823, 'Sidi Ali Boussidi', 22),
	(824, 'Sidi Bel-Abbes', 22),
	(825, 'Sidi Brahim', 22),
	(826, 'Sidi Chaib', 22),
	(827, 'Sidi Dahou Zairs', 22),
	(828, 'Sidi Hamadouche', 22),
	(829, 'Sidi Khaled', 22),
	(830, 'Sidi Lahcene', 22),
	(831, 'Sidi Yacoub', 22),
	(832, 'Tabia', 22),
	(833, 'Taoudmout', 22),
	(834, 'Tefessour', 22),
	(835, 'Teghalimet', 22),
	(836, 'Telagh', 22),
	(837, 'Tenira', 22),
	(838, 'Tessala', 22),
	(839, 'Tilmouni', 22),
	(840, 'Zerouala', 22),
	(841, 'Ain El Berda', 23),
	(842, 'Annaba', 23),
	(843, 'Berrahal', 23),
	(844, 'Chetaibi', 23),
	(845, 'Cheurfa', 23),
	(846, 'El Bouni', 23),
	(847, 'El Eulma', 23),
	(848, 'El Hadjar', 23),
	(849, 'Oued El Aneb', 23),
	(850, 'Seraidi', 23),
	(851, 'Sidi Amar', 23),
	(852, 'Treat', 23),
	(853, 'Ain Ben Beida', 24),
	(854, 'Ain Larbi', 24),
	(855, 'Ain Makhlouf', 24),
	(856, 'Ain Regada', 24),
	(857, 'Ain Sandel', 24),
	(858, 'Belkheir', 24),
	(859, 'Bendjarah', 24),
	(860, 'Beni Mezline', 24),
	(861, 'Bordj Sabath', 24),
	(862, 'Bou Hachana', 24),
	(863, 'Bou Hamdane', 24),
	(864, 'Bouati Mahmoud', 24),
	(865, 'Bouchegouf', 24),
	(866, 'Boumahra Ahmed', 24),
	(867, 'Dahouara', 24),
	(868, 'Djeballah Khemissi', 24),
	(869, 'El Fedjoudj', 24),
	(870, 'Guelaat Bou Sbaa', 24),
	(871, 'Guelma', 24),
	(872, 'Hammam Debagh', 24),
	(873, 'Hammam N\'bail', 24),
	(874, 'Heliopolis', 24),
	(875, 'Nechmaya', 24),
	(876, 'Khezaras', 24),
	(877, 'Medjez Amar', 24),
	(878, 'Medjez Sfa', 24),
	(879, 'Houari Boumedienne', 24),
	(880, 'Oued Cheham', 24),
	(881, 'Oued Ferragha', 24),
	(882, 'Oued Zenati', 24),
	(883, 'Ras El Agba', 24),
	(884, 'Roknia', 24),
	(885, 'Sellaoua Announa', 24),
	(886, 'Tamlouka', 24),
	(887, 'Ain Abid', 25),
	(888, 'Ain Smara', 25),
	(889, 'Ben Badis', 25),
	(890, 'Beni Hamidane', 25),
	(891, 'Constantine', 25),
	(892, 'Didouche Mourad', 25),
	(893, 'El Khroub', 25),
	(894, 'Hamma Bouziane', 25),
	(895, 'Ibn Ziad', 25),
	(896, 'Messaoud Boudjeriou', 25),
	(897, 'Ouled Rahmoun', 25),
	(898, 'Zighoud Youcef', 25),
	(899, 'Ain Boucif', 26),
	(900, 'Ain Ouksir', 26),
	(901, 'Aissaouia', 26),
	(902, 'Aziz', 26),
	(903, 'Baata', 26),
	(904, 'Ben Chicao', 26),
	(905, 'Beni Slimane', 26),
	(906, 'Berrouaghia', 26),
	(907, 'Bir Ben Laabed', 26),
	(908, 'Boghar', 26),
	(909, 'Bouaiche', 26),
	(910, 'Bouaichoune', 26),
	(911, 'Bouchrahil', 26),
	(912, 'Boughzoul', 26),
	(913, 'Bouskene', 26),
	(914, 'Chabounia', 26),
	(915, 'Chelalet El Adhaoura', 26),
	(916, 'Cheniguel', 26),
	(917, 'Derrag', 26),
	(918, 'Djouab', 26),
	(919, 'Draa Esmar', 26),
	(920, 'El Azizia', 26),
	(921, 'El Guelbelkebir', 26),
	(922, 'El Hamdania', 26),
	(923, 'El Haoudane', 26),
	(924, 'El Omaria', 26),
	(925, 'El Ouinet', 26),
	(926, 'Hannacha', 26),
	(927, 'Kef Lakhdar', 26),
	(928, 'Khams Djouamaa', 26),
	(929, 'Ksar El Boukhari', 26),
	(930, 'Maghraoua', 26),
	(931, 'Medea', 26),
	(932, 'Medjebar', 26),
	(933, 'Mezerana', 26),
	(934, 'M\'fatha', 26),
	(935, 'Mihoub', 26),
	(936, 'Ouamri', 26),
	(937, 'Oued Harbil', 26),
	(938, 'Ouled Antar', 26),
	(939, 'Ouled Bouachra', 26),
	(940, 'Ouled Brahim', 26),
	(941, 'Ouled Deid', 26),
	(942, 'Ouled Emaaraf', 26),
	(943, 'Ouled Hellal', 26),
	(944, 'Oum El Djellil', 26),
	(945, 'Ouzera', 26),
	(946, 'Rebaia', 26),
	(947, 'Saneg', 26),
	(948, 'Sedraya', 26),
	(949, 'Seghouane', 26),
	(950, 'Si Mahdjoub', 26),
	(951, 'Sidi Demed', 26),
	(952, 'Sidi Naamane', 26),
	(953, 'Sidi Rabie', 26),
	(954, 'Sidi Zahar', 26),
	(955, 'Sidi Ziane', 26),
	(956, 'Souagui', 26),
	(957, 'Tablat', 26),
	(958, 'Tafraout', 26),
	(959, 'Tamesguida', 26),
	(960, 'Tizi Mahdi', 26),
	(961, 'Tletat Ed Douair', 26),
	(962, 'Zoubiria', 26),
	(963, 'Achaacha', 27),
	(964, 'Ain-Boudinar', 27),
	(965, 'Ain-Nouissy', 27),
	(966, 'Ain-Sidi Cherif', 27),
	(967, 'Ain-Tedles', 27),
	(968, 'Benabdelmalek Ramdane', 27),
	(969, 'Bouguirat', 27),
	(970, 'Fornaka', 27),
	(971, 'Hadjadj', 27),
	(972, 'Hassi Mameche', 27),
	(973, 'Hassiane', 27),
	(974, 'Khadra', 27),
	(975, 'Kheir-Eddine', 27),
	(976, 'Mansourah', 27),
	(977, 'Mazagran', 27),
	(978, 'Mesra', 27),
	(979, 'Mostaganem', 27),
	(980, 'Nekmaria', 27),
	(981, 'Oued El Kheir', 27),
	(982, 'Ouled Boughalem', 27),
	(983, 'Ouled-Maalah', 27),
	(984, 'Safsaf', 27),
	(985, 'Sayada', 27),
	(986, 'Sidi Ali', 27),
	(987, 'Sidi Belaattar', 27),
	(988, 'Sidi-Lakhdar', 27),
	(989, 'Sirat', 27),
	(990, 'Souaflia', 27),
	(991, 'Sour', 27),
	(992, 'Stidia', 27),
	(993, 'Tazgait', 27),
	(994, 'Touahria', 27),
	(995, 'Ain El Hadjel', 28),
	(996, 'Ain El Melh', 28),
	(997, 'Ain Fares', 28),
	(998, 'Ain Khadra', 28),
	(999, 'Ain Rich', 28),
	(1000, 'Belaiba', 28),
	(1001, 'Ben Srour', 28),
	(1002, 'Beni Ilmane', 28),
	(1003, 'Benzouh', 28),
	(1004, 'Berhoum', 28),
	(1005, 'Bir Foda', 28),
	(1006, 'Bou Saada', 28),
	(1007, 'Bouti Sayeh', 28),
	(1008, 'Chellal', 28),
	(1009, 'Dehahna', 28),
	(1010, 'Djebel Messaad', 28),
	(1011, 'El Hamel', 28),
	(1012, 'El Houamed', 28),
	(1013, 'Hammam Dalaa', 28),
	(1014, 'Khettouti Sed-El-Jir', 28),
	(1015, 'Khoubana', 28),
	(1016, 'Maadid', 28),
	(1017, 'Maarif', 28),
	(1018, 'Magra', 28),
	(1019, 'M\'cif', 28),
	(1020, 'Medjedel', 28),
	(1021, 'Menaa', 28),
	(1022, 'Mohamed Boudiaf', 28),
	(1023, 'M\'sila', 28),
	(1024, 'M\'tarfa', 28),
	(1025, 'Ouanougha', 28),
	(1026, 'Ouled Addi Guebala', 28),
	(1027, 'Ouled Derradj', 28),
	(1028, 'Ouled Madhi', 28),
	(1029, 'Ouled Mansour', 28),
	(1030, 'Ouled Sidi Brahim', 28),
	(1031, 'Ouled Slimane', 28),
	(1032, 'Oulteme', 28),
	(1033, 'Sidi Aissa', 28),
	(1034, 'Sidi Ameur', 28),
	(1035, 'Sidi Hadjeres', 28),
	(1036, 'Sidi M\'hamed', 28),
	(1037, 'Slim', 28),
	(1038, 'Souamaa', 28),
	(1039, 'Tamsa', 28),
	(1040, 'Tarmount', 28),
	(1041, 'Zarzour', 28),
	(1042, 'Ain Fares', 29),
	(1043, 'Ain Fekan', 29),
	(1044, 'Ain Ferah', 29),
	(1045, 'Ain Frass', 29),
	(1046, 'Alaimia', 29),
	(1047, 'Aouf', 29),
	(1048, 'Benian', 29),
	(1049, 'Bou Henni', 29),
	(1050, 'Bouhanifia', 29),
	(1051, 'Chorfa', 29),
	(1052, 'El Bordj', 29),
	(1053, 'El Gaada', 29),
	(1054, 'El Ghomri', 29),
	(1055, 'El Gueitena', 29),
	(1056, 'El Hachem', 29),
	(1057, 'El Keurt', 29),
	(1058, 'El Mamounia', 29),
	(1059, 'El Menaouer', 29),
	(1060, 'Ferraguig', 29),
	(1061, 'Froha', 29),
	(1062, 'Gharrous', 29),
	(1063, 'Ghriss', 29),
	(1064, 'Guerdjoum', 29),
	(1065, 'Hacine', 29),
	(1066, 'Khalouia', 29),
	(1067, 'Makhda', 29),
	(1068, 'Maoussa', 29),
	(1069, 'Mascara', 29),
	(1070, 'Matemore', 29),
	(1071, 'Mocta-Douz', 29),
	(1072, 'Mohammadia', 29),
	(1073, 'Nesmot', 29),
	(1074, 'Oggaz', 29),
	(1075, 'Oued El Abtal', 29),
	(1076, 'Oued Taria', 29),
	(1077, 'Ras El Ain Amirouche', 29),
	(1078, 'Sedjerara', 29),
	(1079, 'Sehailia', 29),
	(1080, 'Sidi Abdeldjebar', 29),
	(1081, 'Sidi Abdelmoumene', 29),
	(1082, 'Sidi Boussaid', 29),
	(1083, 'Sidi Kada', 29),
	(1084, 'Sig', 29),
	(1085, 'Tighennif', 29),
	(1086, 'Tizi', 29),
	(1087, 'Zahana', 29),
	(1088, 'Zelamta', 29),
	(1089, 'Ain Beida', 30),
	(1090, 'Benaceur', 55),
	(1091, 'Blidet Amor', 55),
	(1092, 'El Alia', 55),
	(1093, 'El Borma', 30),
	(1094, 'El-Hadjira', 55),
	(1095, 'Hassi Ben Abdellah', 30),
	(1096, 'Hassi Messaoud', 30),
	(1097, 'Megarine', 55),
	(1098, 'M\'naguer', 55),
	(1099, 'Nezla', 55),
	(1100, 'N\'goussa', 30),
	(1101, 'Ouargla', 30),
	(1102, 'Rouissat', 30),
	(1103, 'Sidi Khouiled', 30),
	(1104, 'Sidi Slimane', 55),
	(1105, 'Taibet', 55),
	(1106, 'Tebesbest', 55),
	(1107, 'Temacine', 55),
	(1108, 'Touggourt', 55),
	(1109, 'Zaouia El Abidia', 55),
	(1110, 'Ain Biya', 31),
	(1111, 'Ain Kerma', 31),
	(1112, 'Ain Turk', 31),
	(1113, 'Arzew', 31),
	(1114, 'Ben Freha', 31),
	(1115, 'Bethioua', 31),
	(1116, 'Bir El Djir', 31),
	(1117, 'Boufatis', 31),
	(1118, 'Bousfer', 31),
	(1119, 'Boutlelis', 31),
	(1120, 'El Ancor', 31),
	(1121, 'El Braya', 31),
	(1122, 'El Kerma', 31),
	(1123, 'Es Senia', 31),
	(1124, 'Gdyel', 31),
	(1125, 'Hassi Ben Okba', 31),
	(1126, 'Hassi Bounif', 31),
	(1127, 'Hassi Mefsoukh', 31),
	(1128, 'Marsat El Hadjadj', 31),
	(1129, 'Mers El Kebir', 31),
	(1130, 'Messerghin', 31),
	(1131, 'Oran', 31),
	(1132, 'Oued Tlelat', 31),
	(1133, 'Sidi Ben Yebka', 31),
	(1134, 'Sidi Chami', 31),
	(1135, 'Tafraoui', 31),
	(1136, 'Ain El Orak', 32),
	(1137, 'Arbaouat', 32),
	(1138, 'Boualem', 32),
	(1139, 'Bougtoub', 32),
	(1140, 'Boussemghoun', 32),
	(1141, 'Brezina', 32),
	(1142, 'Cheguig', 32),
	(1143, 'Chellala', 32),
	(1144, 'El Bayadh', 32),
	(1145, 'Labiodh Sidi Cheikh', 32),
	(1146, 'El Bnoud', 32),
	(1147, 'El Kheiter', 32),
	(1148, 'El Mehara', 32),
	(1149, 'Ghassoul', 32),
	(1150, 'Kef El Ahmar', 32),
	(1151, 'Krakda', 32),
	(1152, 'Rogassa', 32),
	(1153, 'Sidi Ameur', 32),
	(1154, 'Sidi Slimane', 32),
	(1155, 'Sidi Tiffour', 32),
	(1156, 'Stitten', 32),
	(1157, 'Tousmouline', 32),
	(1158, 'Bordj El Haouass', 56),
	(1159, 'Bordj Omar Driss', 33),
	(1160, 'Debdeb', 33),
	(1161, 'Djanet', 56),
	(1162, 'Illizi', 33),
	(1163, 'In Amenas', 33),
	(1164, 'Ain Taghrout', 34),
	(1165, 'Ain Tesra', 34),
	(1166, 'B. B. Arreridj', 34),
	(1167, 'Belimour', 34),
	(1168, 'Ben Daoud', 34),
	(1169, 'Bir Kasdali', 34),
	(1170, 'Bordj Ghedir', 34),
	(1171, 'Bordj Zemmoura', 34),
	(1172, 'Colla', 34),
	(1173, 'Djaafra', 34),
	(1174, 'El Euch', 34),
	(1175, 'El Achir', 34),
	(1176, 'El Annasseur', 34),
	(1177, 'Elhammadia', 34),
	(1178, 'El Main', 34),
	(1179, 'El M\'hir', 34),
	(1180, 'Ghailasa', 34),
	(1181, 'Haraza', 34),
	(1182, 'Hasnaoua', 34),
	(1183, 'Khelil', 34),
	(1184, 'Ksour', 34),
	(1185, 'Mansoura', 34),
	(1186, 'Medjana', 34),
	(1187, 'Ouled Brahem', 34),
	(1188, 'Ouled Dahmane', 34),
	(1189, 'Ouled Sidi-Brahim', 34),
	(1190, 'Rabta', 34),
	(1191, 'Ras El Oued', 34),
	(1192, 'Sidi-Embarek', 34),
	(1193, 'Tefreg', 34),
	(1194, 'Taglait', 34),
	(1195, 'Tassamert', 34),
	(1196, 'Teniet En Nasr', 34),
	(1197, 'Tixter', 34),
	(1198, 'Afir', 35),
	(1199, 'Ammal', 35),
	(1200, 'Baghlia', 35),
	(1201, 'Ben Choud', 35),
	(1202, 'Beni Amrane', 35),
	(1203, 'Bordj Menaiel', 35),
	(1204, 'Boudouaou', 35),
	(1205, 'Boudouaou El Bahri', 35),
	(1206, 'Boumerdes', 35),
	(1207, 'Bouzegza Keddara', 35),
	(1208, 'Chabet El Ameur', 35),
	(1209, 'Corso', 35),
	(1210, 'Dellys', 35),
	(1211, 'Djinet', 35),
	(1212, 'El Kharrouba', 35),
	(1213, 'Hammedi', 35),
	(1214, 'Isser', 35),
	(1215, 'Khemis El Khechna', 35),
	(1216, 'Larbatache', 35),
	(1217, 'Leghata', 35),
	(1218, 'Naciria', 35),
	(1219, 'Ouled Aissa', 35),
	(1220, 'Ouled Hedadj', 35),
	(1221, 'Ouled Moussa', 35),
	(1222, 'Si Mustapha', 35),
	(1223, 'Sidi Daoud', 35),
	(1224, 'Souk El Had', 35),
	(1225, 'Taourga', 35),
	(1226, 'Thenia', 35),
	(1227, 'Tidjelabine', 35),
	(1228, 'Timezrit', 35),
	(1229, 'Zemmouri', 35),
	(1230, 'Ain El Assel', 36),
	(1231, 'Ain Kerma', 36),
	(1232, 'Asfour', 36),
	(1233, 'Ben M Hidi', 36),
	(1234, 'Berrihane', 36),
	(1235, 'Besbes', 36),
	(1236, 'Bougous', 36),
	(1237, 'Bouhadjar', 36),
	(1238, 'Bouteldja', 36),
	(1239, 'Chebaita Mokhtar', 36),
	(1240, 'Chefia', 36),
	(1241, 'Chihani', 36),
	(1242, 'Drean', 36),
	(1243, 'Echatt', 36),
	(1244, 'El Aioun', 36),
	(1245, 'El Kala', 36),
	(1246, 'El Tarf', 36),
	(1247, 'Hammam Beni Salah', 36),
	(1248, 'Lac Des Oiseaux', 36),
	(1249, 'Oued Zitoun', 36),
	(1250, 'Raml Souk', 36),
	(1251, 'Souarekh', 36),
	(1252, 'Zerizer', 36),
	(1253, 'Zitouna', 36),
	(1254, 'Oum El Assel', 37),
	(1255, 'Tindouf', 37),
	(1256, 'Ammari', 38),
	(1257, 'Beni Chaib', 38),
	(1258, 'Beni Lahcene', 38),
	(1259, 'Bordj Bounaama', 38),
	(1260, 'Bordj El Emir Abdelkader', 38),
	(1261, 'Boucaid', 38),
	(1262, 'Khemisti', 38),
	(1263, 'Larbaa', 38),
	(1264, 'Lardjem', 38),
	(1265, 'Layoune', 38),
	(1266, 'Lazharia', 38),
	(1267, 'Maacem', 38),
	(1268, 'Melaab', 38),
	(1269, 'Ouled Bessam', 38),
	(1270, 'Sidi Abed', 38),
	(1271, 'Sidi Boutouchent', 38),
	(1272, 'Sidi Lantri', 38),
	(1273, 'Sidi Slimane', 38),
	(1274, 'Tamellahet', 38),
	(1275, 'Theniet El Had', 38),
	(1276, 'Tissemsilt', 38),
	(1277, 'Youssoufia', 38),
	(1278, 'Bayadha', 39),
	(1279, 'Ben Guecha', 39),
	(1280, 'Debila', 39),
	(1281, 'Djamaa', 57),
	(1282, 'Douar El Maa', 39),
	(1283, 'El Ogla', 39),
	(1284, 'El-M\'ghaier', 57),
	(1285, 'El-Oued', 39),
	(1286, 'Guemar', 39),
	(1287, 'Hamraia', 39),
	(1288, 'Hassani Abdelkrim', 39),
	(1289, 'Hassi Khalifa', 39),
	(1290, 'Kouinine', 39),
	(1291, 'Magrane', 39),
	(1292, 'Mih Ouansa', 39),
	(1293, 'M\'rara', 57),
	(1294, 'Nakhla', 39),
	(1295, 'Oued El Alenda', 39),
	(1296, 'Oum Touyour', 57),
	(1297, 'Ourmes', 39),
	(1298, 'Reguiba', 39),
	(1299, 'Robbah', 39),
	(1300, 'Sidi Amrane', 57),
	(1301, 'Sidi Aoun', 39),
	(1302, 'Sidi Khelil', 57),
	(1303, 'Still', 57),
	(1304, 'Taghzout', 39),
	(1305, 'Taleb Larbi', 39),
	(1306, 'Tenedla', 57),
	(1307, 'Trifaoui', 39),
	(1308, 'Ain Touila', 40),
	(1309, 'Babar', 40),
	(1310, 'Baghai', 40),
	(1311, 'Bouhmama', 40),
	(1312, 'Chechar', 40),
	(1313, 'Chelia', 40),
	(1314, 'Djellal', 40),
	(1315, 'El Hamma', 40),
	(1316, 'El Mahmal', 40),
	(1317, 'El Oueldja', 40),
	(1318, 'Ensigha', 40),
	(1319, 'Kais', 40),
	(1320, 'Khenchela', 40),
	(1321, 'Khirane', 40),
	(1322, 'M\'sara', 40),
	(1323, 'M\'toussa', 40),
	(1324, 'Ouled Rechache', 40),
	(1325, 'Remila', 40),
	(1326, 'Tamza', 40),
	(1327, 'Taouzianat', 40),
	(1328, 'Yabous', 40),
	(1329, 'Ain Soltane', 41),
	(1330, 'Ain Zana', 41),
	(1331, 'Bir Bouhouche', 41),
	(1332, 'Drea', 41),
	(1333, 'Haddada', 41),
	(1334, 'Hanencha', 41),
	(1335, 'Khedara', 41),
	(1336, 'Khemissa', 41),
	(1337, 'Machroha', 41),
	(1338, 'M\'daourouche', 41),
	(1339, 'Merahna', 41),
	(1340, 'Oued Kebrit', 41),
	(1341, 'Ouled Driss', 41),
	(1342, 'Ouled Moumen', 41),
	(1343, 'Oum El Adhaim', 41),
	(1344, 'Ouillen', 41),
	(1345, 'Ragouba', 41),
	(1346, 'Safel El Ouiden', 41),
	(1347, 'Sedrata', 41),
	(1348, 'Sidi Fredj', 41),
	(1349, 'Souk Ahras', 41),
	(1350, 'Taoura', 41),
	(1351, 'Terraguelt', 41),
	(1352, 'Tiffech', 41),
	(1353, 'Zaarouria', 41),
	(1354, 'Zouabi', 41),
	(1355, 'Aghbal', 42),
	(1356, 'Ahmer El Ain', 42),
	(1357, 'Ain Tagourait', 42),
	(1358, 'Attatba', 42),
	(1359, 'Beni Mileuk', 42),
	(1360, 'Bou Haroun', 42),
	(1361, 'Bou Ismail', 42),
	(1362, 'Bourkika', 42),
	(1363, 'Chaiba', 42),
	(1364, 'Cherchell', 42),
	(1365, 'Damous', 42),
	(1366, 'Douaouda', 42),
	(1367, 'Fouka', 42),
	(1368, 'Gouraya', 42),
	(1369, 'Hadjout', 42),
	(1370, 'Hadjret Ennous', 42),
	(1371, 'Khemisti', 42),
	(1372, 'Kolea', 42),
	(1373, 'Larhat', 42),
	(1374, 'Menaceur', 42),
	(1375, 'Merad', 42),
	(1376, 'Messelmoun', 42),
	(1377, 'Nador', 42),
	(1378, 'Sidi Ghiles', 42),
	(1379, 'Sidi Rached', 42),
	(1380, 'Sidi Semiane', 42),
	(1381, 'Sidi-Amar', 42),
	(1382, 'Tipaza', 42),
	(1383, 'Ahmed Rachedi', 43),
	(1384, 'Ain Beida Harriche', 43),
	(1385, 'Ain Mellouk', 43),
	(1386, 'Ain Tine', 43),
	(1387, 'Amira Arres', 43),
	(1388, 'Benyahia Abderrahmane', 43),
	(1389, 'Bouhatem', 43),
	(1390, 'Chelghoum Laid', 43),
	(1391, 'Chigara', 43),
	(1392, 'Derrahi Bousselah', 43),
	(1393, 'El Ayadi Barbes', 43),
	(1394, 'El Mechira', 43),
	(1395, 'Ferdjioua', 43),
	(1396, 'Grarem Gouga', 43),
	(1397, 'Hamala', 43),
	(1398, 'Mila', 43),
	(1399, 'Minar Zarza', 43),
	(1400, 'Oued Athmenia', 43),
	(1401, 'Oued Endja', 43),
	(1402, 'Oued Seguen', 43),
	(1403, 'Ouled Khalouf', 43),
	(1404, 'Rouached', 43),
	(1405, 'Sidi Khelifa', 43),
	(1406, 'Sidi Merouane', 43),
	(1407, 'Tadjenanet', 43),
	(1408, 'Tassadane Haddada', 43),
	(1409, 'Teleghma', 43),
	(1410, 'Terrai Bainen', 43),
	(1411, 'Tassala Lematai', 43),
	(1412, 'Tiberguent', 43),
	(1413, 'Yahia Beniguecha', 43),
	(1414, 'Zeghaia', 43),
	(1415, 'Ain-Benian', 44),
	(1416, 'Ain-Bouyahia', 44),
	(1417, 'Ain-Defla', 44),
	(1418, 'Ain-Lechiakh', 44),
	(1419, 'Ain-Soltane', 44),
	(1420, 'Ain-Torki', 44),
	(1421, 'Arib', 44),
	(1422, 'Birbouche', 44),
	(1423, 'Bathia', 44),
	(1424, 'Belaas', 44),
	(1425, 'Ben Allal', 44),
	(1426, 'Bir-Ould-Khelifa', 44),
	(1427, 'Bordj-Emir-Khaled', 44),
	(1428, 'Boumedfaa', 44),
	(1429, 'Bourached', 44),
	(1430, 'Djelida', 44),
	(1431, 'Djemaa Ouled Cheikh', 44),
	(1432, 'Djendel', 44),
	(1433, 'El-Abadia', 44),
	(1434, 'El-Amra', 44),
	(1435, 'El-Attaf', 44),
	(1436, 'El-Maine', 44),
	(1437, 'Hammam-Righa', 44),
	(1438, 'Hassania', 44),
	(1439, 'Hoceinia', 44),
	(1440, 'Khemis-Miliana', 44),
	(1441, 'Mekhatria', 44),
	(1442, 'Miliana', 44),
	(1443, 'Oued Chorfa', 44),
	(1444, 'Oued Djemaa', 44),
	(1445, 'Rouina', 44),
	(1446, 'Sidi-Lakhdar', 44),
	(1447, 'Tacheta Zegagha', 44),
	(1448, 'Tarik-Ibn-Ziad', 44),
	(1449, 'Tiberkanine', 44),
	(1450, 'Zeddine', 44),
	(1451, 'Ain Ben Khelil', 45),
	(1452, 'Ain Sefra', 45),
	(1453, 'Asla', 45),
	(1454, 'Djenienne Bourezg', 45),
	(1455, 'El Biodh', 45),
	(1456, 'Kasdir', 45),
	(1457, 'Makmen Ben Amar', 45),
	(1458, 'Mecheria', 45),
	(1459, 'Moghrar', 45),
	(1460, 'Naama', 45),
	(1461, 'Sfissifa', 45),
	(1462, 'Tiout', 45),
	(1463, 'Aghlal', 46),
	(1464, 'Ain El Arbaa', 46),
	(1465, 'Ain Kihal', 46),
	(1466, 'Ain Temouchent', 46),
	(1467, 'Ain Tolba', 46),
	(1468, 'Aoubellil', 46),
	(1469, 'Beni Saf', 46),
	(1470, 'Bouzedjar', 46),
	(1471, 'Chaabat El Ham', 46),
	(1472, 'Chentouf', 46),
	(1473, 'El Amria', 46),
	(1474, 'El Maleh', 46),
	(1475, 'El Messaid', 46),
	(1476, 'Emir Abdelkader', 46),
	(1477, 'Hammam Bou Hadjar', 46),
	(1478, 'Hassasna', 46),
	(1479, 'Hassi El Ghella', 46),
	(1480, 'Oued Berkeche', 46),
	(1481, 'Oued Sebbah', 46),
	(1482, 'Ouled Boudjemaa', 46),
	(1483, 'Ouled Kihal', 46),
	(1484, 'Oulhaca El Gheraba', 46),
	(1485, 'Sidi Ben Adda', 46),
	(1486, 'Sidi Boumediene', 46),
	(1487, 'Sidi Ouriache', 46),
	(1488, 'Sidi Safi', 46),
	(1489, 'Tamzoura', 46),
	(1490, 'Terga', 46),
	(1491, 'Berriane', 47),
	(1492, 'Bounoura', 47),
	(1493, 'Dhayet Bendhahoua', 47),
	(1494, 'El Atteuf', 47),
	(1495, 'El Meniaa', 58),
	(1496, 'Ghardaia', 47),
	(1497, 'El Guerrara', 47),
	(1498, 'Hassi Fehal', 58),
	(1499, 'Hassi Gara', 58),
	(1500, 'Mansoura', 47),
	(1501, 'Metlili', 47),
	(1502, 'Sebseb', 47),
	(1503, 'Zelfana', 47),
	(1504, 'Ain Rahma', 48),
	(1505, 'Ain-Tarek', 48),
	(1506, 'Ammi Moussa', 48),
	(1507, 'Belaassel Bouzagza', 48),
	(1508, 'Bendaoud', 48),
	(1509, 'Beni Dergoun', 48),
	(1510, 'Beni Zentis', 48),
	(1511, 'Dar Ben Abdelah', 48),
	(1512, 'Djidiouia', 48),
	(1513, 'El Hassi', 48),
	(1514, 'El H\'madna', 48),
	(1515, 'El Ouldja', 48),
	(1516, 'El-Guettar', 48),
	(1517, 'El-Matmar', 48),
	(1518, 'Had Echkalla', 48),
	(1519, 'Hamri', 48),
	(1520, 'Kalaa', 48),
	(1521, 'Lahlef', 48),
	(1522, 'Mazouna', 48),
	(1523, 'Mediouna', 48),
	(1524, 'Mendes', 48),
	(1525, 'Merdja Sidi Abed', 48),
	(1526, 'Ouarizane', 48),
	(1527, 'Oued El Djemaa', 48),
	(1528, 'Oued Essalem', 48),
	(1529, 'Oued-Rhiou', 48),
	(1530, 'Ouled Aiche', 48),
	(1531, 'Ouled Sidi Mihoub', 48),
	(1532, 'Ramka', 48),
	(1533, 'Relizane', 48),
	(1534, 'Sidi Khettab', 48),
	(1535, 'Sidi Lazreg', 48),
	(1536, 'Sidi M\'hamed Benali', 48),
	(1537, 'Sidi M\'hamed Benaouda', 48),
	(1538, 'Sidi Saada', 48),
	(1539, 'Souk El Had', 48),
	(1540, 'Yellel', 48),
	(1541, 'Zemmoura', 48);

-- Listage de la structure de la table piecedetache. featured_products
CREATE TABLE IF NOT EXISTS `featured_products` (
  `id` int(11) NOT NULL AUTO_INCREMENT,
  `product_id` int(11) NOT NULL,
  `section_type` enum('best_seller','flash_sale') NOT NULL,
  `position` int(11) DEFAULT NULL,
  `start_date` timestamp NOT NULL DEFAULT CURRENT_TIMESTAMP ON UPDATE CURRENT_TIMESTAMP,
  `end_date` timestamp NOT NULL DEFAULT '0000-00-00 00:00:00',
  `is_active` tinyint(1) DEFAULT '1',
  `created_at` timestamp NOT NULL DEFAULT CURRENT_TIMESTAMP,
  `updated_at` timestamp NOT NULL DEFAULT CURRENT_TIMESTAMP ON UPDATE CURRENT_TIMESTAMP,
  PRIMARY KEY (`id`),
  KEY `product_id` (`product_id`),
  CONSTRAINT `featured_products_ibfk_1` FOREIGN KEY (`product_id`) REFERENCES `piece` (`id_piece`)
) ENGINE=InnoDB DEFAULT CHARSET=utf8;

-- Listage des données de la table piecedetache.featured_products : ~0 rows (environ)

-- Listage de la structure de la table piecedetache. home_page_history
CREATE TABLE IF NOT EXISTS `home_page_history` (
  `id` int(11) NOT NULL AUTO_INCREMENT,
  `section_type` enum('settings','banner','featured_product','news') NOT NULL,
  `section_id` int(11) NOT NULL,
  `action_type` enum('create','update','delete') NOT NULL,
  `changes` json DEFAULT NULL,
  `created_at` timestamp NOT NULL DEFAULT CURRENT_TIMESTAMP,
  PRIMARY KEY (`id`)
) ENGINE=InnoDB DEFAULT CHARSET=utf8;

-- Listage des données de la table piecedetache.home_page_history : ~0 rows (environ)

-- Listage de la structure de la table piecedetache. home_page_settings
CREATE TABLE IF NOT EXISTS `home_page_settings` (
  `id` int(11) NOT NULL AUTO_INCREMENT,
  `main_promo_image` varchar(255) DEFAULT NULL,
  `main_promo_title` varchar(100) DEFAULT NULL,
  `main_promo_subtitle` varchar(200) DEFAULT NULL,
  `created_at` timestamp NOT NULL DEFAULT CURRENT_TIMESTAMP,
  `updated_at` timestamp NOT NULL DEFAULT CURRENT_TIMESTAMP ON UPDATE CURRENT_TIMESTAMP,
  PRIMARY KEY (`id`)
) ENGINE=InnoDB DEFAULT CHARSET=utf8;

-- Listage des données de la table piecedetache.home_page_settings : ~0 rows (environ)

-- Listage de la structure de la table piecedetache. horaire
CREATE TABLE IF NOT EXISTS `horaire` (
  `id_horaire` int(11) NOT NULL AUTO_INCREMENT,
  `jour` enum('Samedi','Dimanche','Lundi','Mardi','Mercredi','Jeudi','Vendredi') NOT NULL,
  `heure_ouverture` time NOT NULL,
  `heure_fermeture` time NOT NULL,
  PRIMARY KEY (`id_horaire`)
) ENGINE=InnoDB AUTO_INCREMENT=2 DEFAULT CHARSET=utf8;

-- Listage des données de la table piecedetache.horaire : ~0 rows (environ)
INSERT INTO `horaire` (`id_horaire`, `jour`, `heure_ouverture`, `heure_fermeture`) VALUES
	(1, 'Lundi', '08:30:00', '18:00:00');

-- Listage de la structure de la table piecedetache. marque
CREATE TABLE IF NOT EXISTS `marque` (
  `id_marque` int(11) NOT NULL AUTO_INCREMENT,
  `nom_marque` varchar(50) NOT NULL,
  `logo_marque` varchar(255) DEFAULT NULL,
  PRIMARY KEY (`id_marque`)
) ENGINE=InnoDB AUTO_INCREMENT=4 DEFAULT CHARSET=utf8;

-- Listage des données de la table piecedetache.marque : ~3 rows (environ)
INSERT INTO `marque` (`id_marque`, `nom_marque`, `logo_marque`) VALUES
	(1, 'Toyota', 'https://cdn.worldvectorlogo.com/logos/toyota-7.svg'),
	(2, 'Renault', 'https://www.exemple.com/logos/renault.png'),
	(3, 'Ford', 'https://www.exemple.com/logos/ford.png');

-- Listage de la structure de la table piecedetache. modele
CREATE TABLE IF NOT EXISTS `modele` (
  `id_modele` int(11) NOT NULL AUTO_INCREMENT,
  `nom_modele` varchar(50) NOT NULL,
  `id_marque` int(11) NOT NULL,
  `id_type` int(11) NOT NULL,
  `annee` date DEFAULT NULL,
  PRIMARY KEY (`id_modele`),
  KEY `id_marque` (`id_marque`),
  KEY `id_type` (`id_type`),
  CONSTRAINT `modele_ibfk_1` FOREIGN KEY (`id_marque`) REFERENCES `marque` (`id_marque`),
  CONSTRAINT `modele_ibfk_2` FOREIGN KEY (`id_type`) REFERENCES `type` (`id_type`)
) ENGINE=InnoDB AUTO_INCREMENT=4 DEFAULT CHARSET=utf8;

-- Listage des données de la table piecedetache.modele : ~3 rows (environ)
INSERT INTO `modele` (`id_modele`, `nom_modele`, `id_marque`, `id_type`, `annee`) VALUES
	(1, 'Corolla', 1, 1, NULL),
	(2, 'Duster', 2, 2, NULL),
	(3, 'Transit', 3, 3, NULL);

-- Listage de la structure de la table piecedetache. motorisation
CREATE TABLE IF NOT EXISTS `motorisation` (
  `id_motorisation` int(11) NOT NULL AUTO_INCREMENT,
  `type_motorisation` varchar(50) NOT NULL,
  `id_modele` int(11) NOT NULL,
  PRIMARY KEY (`id_motorisation`),
  KEY `id_modele` (`id_modele`),
  CONSTRAINT `motorisation_ibfk_1` FOREIGN KEY (`id_modele`) REFERENCES `modele` (`id_modele`)
) ENGINE=InnoDB AUTO_INCREMENT=4 DEFAULT CHARSET=utf8;

-- Listage des données de la table piecedetache.motorisation : ~3 rows (environ)
INSERT INTO `motorisation` (`id_motorisation`, `type_motorisation`, `id_modele`) VALUES
	(1, 'Essence', 1),
	(2, 'Diesel', 2),
	(3, 'Hybride', 3);

-- Listage de la structure de la table piecedetache. motorisation_categorie
CREATE TABLE IF NOT EXISTS `motorisation_categorie` (
  `id_motorisation` int(11) NOT NULL,
  `id_categorie` int(11) NOT NULL,
  PRIMARY KEY (`id_motorisation`,`id_categorie`),
  KEY `id_categorie` (`id_categorie`),
  CONSTRAINT `motorisation_categorie_ibfk_1` FOREIGN KEY (`id_motorisation`) REFERENCES `motorisation` (`id_motorisation`),
  CONSTRAINT `motorisation_categorie_ibfk_2` FOREIGN KEY (`id_categorie`) REFERENCES `categorie` (`id_categorie`)
) ENGINE=InnoDB DEFAULT CHARSET=utf8;

-- Listage des données de la table piecedetache.motorisation_categorie : ~3 rows (environ)
INSERT INTO `motorisation_categorie` (`id_motorisation`, `id_categorie`) VALUES
	(1, 1),
	(2, 2),
	(3, 3);

-- Listage de la structure de la table piecedetache. news
CREATE TABLE IF NOT EXISTS `news` (
  `id` int(11) NOT NULL AUTO_INCREMENT,
  `title` varchar(200) NOT NULL,
  `content` text,
  `image_url` varchar(255) DEFAULT NULL,
  `link` varchar(255) DEFAULT NULL,
  `author` varchar(100) DEFAULT NULL,
  `position` int(11) DEFAULT NULL,
  `is_active` tinyint(1) DEFAULT '1',
  `publication_date` timestamp NOT NULL DEFAULT CURRENT_TIMESTAMP ON UPDATE CURRENT_TIMESTAMP,
  `expiration_date` timestamp NOT NULL DEFAULT '0000-00-00 00:00:00',
  `created_at` timestamp NOT NULL DEFAULT CURRENT_TIMESTAMP,
  `updated_at` timestamp NOT NULL DEFAULT CURRENT_TIMESTAMP ON UPDATE CURRENT_TIMESTAMP,
  PRIMARY KEY (`id`)
) ENGINE=InnoDB DEFAULT CHARSET=utf8;

-- Listage des données de la table piecedetache.news : ~0 rows (environ)

-- Listage de la structure de la table piecedetache. piece
CREATE TABLE IF NOT EXISTS `piece` (
  `id_piece` int(11) NOT NULL AUTO_INCREMENT,
  `nom_piece` varchar(100) NOT NULL,
  `description` text,
  `prix` decimal(10,2) NOT NULL,
  `quantite_stock` int(11) NOT NULL,
  `id_sous_categorie` int(11) NOT NULL,
  `image_url` varchar(500) DEFAULT NULL,
  `reference` varchar(50) DEFAULT NULL,
  `marque` varchar(50) DEFAULT NULL,
  PRIMARY KEY (`id_piece`),
  KEY `id_sous_categorie` (`id_sous_categorie`),
  CONSTRAINT `piece_ibfk_1` FOREIGN KEY (`id_sous_categorie`) REFERENCES `sous_categorie` (`id_sous_categorie`)
) ENGINE=InnoDB AUTO_INCREMENT=4 DEFAULT CHARSET=utf8;

-- Listage des données de la table piecedetache.piece : ~3 rows (environ)
INSERT INTO `piece` (`id_piece`, `nom_piece`, `description`, `prix`, `quantite_stock`, `id_sous_categorie`, `image_url`, `reference`, `marque`) VALUES
	(1, 'Courroie de distribution renforcée', 'Convient pour les moteurs de type Essence', 150.50, 10, 1, 'https://hp-performances.com/14186-large_default/courroie-de-distribution-toda-racing-renforcee-b-series-b18c-b16b.jpg', NULL, NULL),
	(2, 'Kit d’embrayage', 'Compatible avec les véhicules utilitaires', 300.00, 5, 2, 'https://www.eurorepar.com/uploads/ligne_produit/3557/100-6d8a070fd4f11a31b2559baa31156d84.png', NULL, NULL),
	(3, 'Plaquettes de frein haute performance', 'Optimisé pour SUV', 75.20, 20, 3, 'https://image.made-in-china.com/202f0j00lAvkImHBPsbC/Manufacturer-High-Quality-High-Performance-Brake-System-Car-Brake-Pad.webp', NULL, NULL);

-- Listage de la structure de la table piecedetache. piece_caracteristique
CREATE TABLE IF NOT EXISTS `piece_caracteristique` (
  `id_piece` int(11) NOT NULL,
  `id_caracteristique` int(11) NOT NULL,
  `valeur` varchar(100) NOT NULL,
  PRIMARY KEY (`id_piece`,`id_caracteristique`),
  KEY `id_caracteristique` (`id_caracteristique`),
  CONSTRAINT `piece_caracteristique_ibfk_1` FOREIGN KEY (`id_piece`) REFERENCES `piece` (`id_piece`),
  CONSTRAINT `piece_caracteristique_ibfk_2` FOREIGN KEY (`id_caracteristique`) REFERENCES `caracteristique` (`id_caracteristique`)
) ENGINE=InnoDB DEFAULT CHARSET=utf8;

-- Listage des données de la table piecedetache.piece_caracteristique : ~3 rows (environ)
INSERT INTO `piece_caracteristique` (`id_piece`, `id_caracteristique`, `valeur`) VALUES
	(1, 1, '120 CV'),
	(2, 2, '2.0 L'),
	(3, 3, '200 Nm');

-- Listage de la structure de la table piecedetache. piece_motorisation
CREATE TABLE IF NOT EXISTS `piece_motorisation` (
  `id_piece` int(11) NOT NULL,
  `id_motorisation` int(11) NOT NULL,
  `type_relation` varchar(50) NOT NULL,
  PRIMARY KEY (`id_piece`,`id_motorisation`),
  KEY `id_motorisation` (`id_motorisation`),
  CONSTRAINT `piece_motorisation_ibfk_1` FOREIGN KEY (`id_piece`) REFERENCES `piece` (`id_piece`),
  CONSTRAINT `piece_motorisation_ibfk_2` FOREIGN KEY (`id_motorisation`) REFERENCES `motorisation` (`id_motorisation`)
) ENGINE=InnoDB DEFAULT CHARSET=utf8;

-- Listage des données de la table piecedetache.piece_motorisation : ~3 rows (environ)
INSERT INTO `piece_motorisation` (`id_piece`, `id_motorisation`, `type_relation`) VALUES
	(1, 1, 'Compatibilité standard'),
	(2, 2, 'Compatibilité renforcée'),
	(3, 3, 'Usage spécifique');

-- Listage de la structure de la table piecedetache. professionnel
CREATE TABLE IF NOT EXISTS `professionnel` (
  `id_professionnel` int(11) NOT NULL AUTO_INCREMENT,
  `nom` varchar(255) NOT NULL,
  `prenom` varchar(255) NOT NULL,
  `username` varchar(255) NOT NULL,
  `email` varchar(255) NOT NULL,
  `telephone` varchar(20) NOT NULL,
  `password` varchar(255) NOT NULL,
  `accept_terms` tinyint(1) DEFAULT '0',
  `metier` varchar(255) NOT NULL,
  `registre_commerce` varchar(255) DEFAULT NULL,
  `identification_fiscale` varchar(255) DEFAULT NULL,
  `article_imposition` varchar(255) DEFAULT NULL,
  `adresse` text,
  `inscrit_annuaire` tinyint(1) NOT NULL DEFAULT '0',
  `idCommune` int(11) NOT NULL,
  PRIMARY KEY (`id_professionnel`),
  UNIQUE KEY `username` (`username`),
  UNIQUE KEY `email` (`email`),
  KEY `idCommune` (`idCommune`),
  CONSTRAINT `professionnel_ibfk_1` FOREIGN KEY (`idCommune`) REFERENCES `commune` (`idCommune`) ON DELETE CASCADE
) ENGINE=InnoDB AUTO_INCREMENT=9 DEFAULT CHARSET=utf8;

-- Listage des données de la table piecedetache.professionnel : ~5 rows (environ)
INSERT INTO `professionnel` (`id_professionnel`, `nom`, `prenom`, `username`, `email`, `telephone`, `password`, `accept_terms`, `metier`, `registre_commerce`, `identification_fiscale`, `article_imposition`, `adresse`, `inscrit_annuaire`, `idCommune`) VALUES
	(1, 'Dupont', 'Jean', 'jdupont', 'jean.dupont@example.com', '0612345678', 'hashed_password', 1, 'Médecin', 'RC123456', 'IF789012', 'Article A', '12 Rue des roses', 1, 1),
	(2, 'Cerine', 'CHELABI', 'cerine0003', 'chelabimaroua@gmail.com', '0666161697', '$2a$10$owQGB1/3Ov1HgHvVgrCUMe1LvpmSGkCwLxiNKzdLope6Gg.3FJiqS', NULL, 'metier1', '1234', '123', '1234', 'AZER', 0, 1),
	(4, 'Cerine', 'CHELABI', 'cerine00034', 'chelabimarouaa@gmail.com', '0666161697', '$2a$10$dz5P.gKBIhS2gEep4NEwfOcYhbN/7960ka2N0aK4WllIVqNtGfCXm', NULL, 'metier1', '1234', '123', '1234', 'AZERTY', 0, 4),
	(6, 'Cerine', 'CHELABI', 'cerine2222', 'chelabimar@gmail.com', '0666161697', '$2a$10$ZMIYNGrCWeCiK9DD3lRPM.I4nlSj5MBquUfxzn/L8ofNKFRYx8q/2', NULL, 'metier1', '1234', '123', '1234', 'AZERTYUI', 0, 268),
	(7, 'Cerine', 'CHELABI', 'cerine003', 'chelabimarouappp@gmail.com', '0666161697', '$2a$10$eFFRmw2HEbtVLCqOZuNEleNtjX0lly2cCdhoTS0TcYRcwlorOkJHC', NULL, 'metier1', '1234', '123', '1234', 'AZERTYU', 0, 501),
	(8, 'Cerine', 'CHELABI', 'cerine003AZ', 'chelabimarouao@gmail.com', '0666161697', '$2a$10$cddvO5zJ0zE7bJeUsXq2cutux.k7FBmJlj6iziSt78cHjsGcBe6pS', NULL, 'metier1', '1234', '123', '1234', 'ZERTYU', 0, 501);

-- Listage de la structure de la table piecedetache. professionnel_horaire
CREATE TABLE IF NOT EXISTS `professionnel_horaire` (
  `id_professionnel` int(11) NOT NULL,
  `id_horaire` int(11) NOT NULL,
  PRIMARY KEY (`id_professionnel`,`id_horaire`),
  KEY `id_horaire` (`id_horaire`),
  CONSTRAINT `professionnel_horaire_ibfk_1` FOREIGN KEY (`id_professionnel`) REFERENCES `professionnel` (`id_professionnel`) ON DELETE CASCADE,
  CONSTRAINT `professionnel_horaire_ibfk_2` FOREIGN KEY (`id_horaire`) REFERENCES `horaire` (`id_horaire`) ON DELETE CASCADE
) ENGINE=InnoDB DEFAULT CHARSET=utf8;

-- Listage des données de la table piecedetache.professionnel_horaire : ~0 rows (environ)
INSERT INTO `professionnel_horaire` (`id_professionnel`, `id_horaire`) VALUES
	(1, 1);

-- Listage de la structure de la table piecedetache. promo_banners
CREATE TABLE IF NOT EXISTS `promo_banners` (
  `id` int(11) NOT NULL AUTO_INCREMENT,
  `image_url` varchar(255) NOT NULL,
  `title` varchar(100) DEFAULT NULL,
  `subtitle` varchar(200) DEFAULT NULL,
  `button_text` varchar(50) DEFAULT NULL,
  `link` varchar(255) DEFAULT NULL,
  `position` int(11) DEFAULT NULL,
  `is_active` tinyint(1) DEFAULT '1',
  `dark_overlay` tinyint(1) DEFAULT '0',
  `start_date` timestamp NOT NULL DEFAULT CURRENT_TIMESTAMP ON UPDATE CURRENT_TIMESTAMP,
  `end_date` timestamp NOT NULL DEFAULT '0000-00-00 00:00:00',
  `created_at` timestamp NOT NULL DEFAULT CURRENT_TIMESTAMP,
  `updated_at` timestamp NOT NULL DEFAULT CURRENT_TIMESTAMP ON UPDATE CURRENT_TIMESTAMP,
  PRIMARY KEY (`id`)
) ENGINE=InnoDB DEFAULT CHARSET=utf8;

-- Listage des données de la table piecedetache.promo_banners : ~0 rows (environ)

-- Listage de la structure de la table piecedetache. sous_categorie
CREATE TABLE IF NOT EXISTS `sous_categorie` (
  `id_sous_categorie` int(11) NOT NULL AUTO_INCREMENT,
  `nom_sous_categorie` varchar(50) NOT NULL,
  `id_categorie` int(11) NOT NULL,
  `icone` varchar(255) DEFAULT NULL,
  PRIMARY KEY (`id_sous_categorie`),
  KEY `id_categorie` (`id_categorie`),
  CONSTRAINT `sous_categorie_ibfk_1` FOREIGN KEY (`id_categorie`) REFERENCES `categorie` (`id_categorie`)
) ENGINE=InnoDB AUTO_INCREMENT=4 DEFAULT CHARSET=utf8;

-- Listage des données de la table piecedetache.sous_categorie : ~3 rows (environ)
INSERT INTO `sous_categorie` (`id_sous_categorie`, `nom_sous_categorie`, `id_categorie`, `icone`) VALUES
	(1, 'Courroie de distribution', 1, 'Build'),
	(2, 'Embrayage', 2, 'Engineering'),
	(3, 'Plaquettes de frein', 3, 'Bolt');

-- Listage de la structure de la table piecedetache. type
CREATE TABLE IF NOT EXISTS `type` (
  `id_type` int(11) NOT NULL AUTO_INCREMENT,
  `nom_type` varchar(50) NOT NULL,
  PRIMARY KEY (`id_type`)
) ENGINE=InnoDB AUTO_INCREMENT=4 DEFAULT CHARSET=utf8;

-- Listage des données de la table piecedetache.type : ~3 rows (environ)
INSERT INTO `type` (`id_type`, `nom_type`) VALUES
	(1, 'Berline'),
	(2, 'SUV'),
	(3, 'Utilitaire');

-- Listage de la structure de la table piecedetache. vendeur
CREATE TABLE IF NOT EXISTS `vendeur` (
  `id_vendeur` int(11) NOT NULL AUTO_INCREMENT,
  `nom` varchar(255) NOT NULL,
  `prenom` varchar(255) NOT NULL,
  `username` varchar(255) NOT NULL,
  `email` varchar(255) NOT NULL,
  `telephone` varchar(20) DEFAULT NULL,
  `fax` varchar(20) DEFAULT NULL,
  `password` varchar(255) NOT NULL,
  `type` varchar(50) NOT NULL,
  `specialite` varchar(100) DEFAULT NULL,
  `registre_commerce` varchar(50) DEFAULT NULL,
  `nif` varchar(50) DEFAULT NULL,
  `article_imposition` varchar(50) DEFAULT NULL,
  `idcommune` int(11) NOT NULL,
  `adresse` text,
  `accepte_termes` char(50) DEFAULT 'true',
  PRIMARY KEY (`id_vendeur`),
  UNIQUE KEY `username` (`username`),
  UNIQUE KEY `email` (`email`),
  KEY `idcommune` (`idcommune`),
  CONSTRAINT `vendeur_ibfk_1` FOREIGN KEY (`idcommune`) REFERENCES `commune` (`idCommune`) ON DELETE CASCADE
) ENGINE=InnoDB AUTO_INCREMENT=3 DEFAULT CHARSET=utf8;

-- Listage des données de la table piecedetache.vendeur : ~2 rows (environ)
INSERT INTO `vendeur` (`id_vendeur`, `nom`, `prenom`, `username`, `email`, `telephone`, `fax`, `password`, `type`, `specialite`, `registre_commerce`, `nif`, `article_imposition`, `idcommune`, `adresse`, `accepte_termes`) VALUES
	(1, 'Test', 'Test', 'root', 'test@gmail.com', '0666161697', '+213 555161224', 'Tt123456', 'metier2', 'specialité1', NULL, '1234', NULL, 573, ' Cheraga, Alger, Algérie', NULL),
	(2, 'Test22', 'Test', 'root22', 'test2@gmail.com', '0666161697', '+213 555161224', 'Test1234', 'metier2', 'specialité1', NULL, '1234', NULL, 591, 'Kouba,Alger', NULL);

-- Listage de la structure de la table piecedetache. vendeur_horaire
CREATE TABLE IF NOT EXISTS `vendeur_horaire` (
  `id_vendeur` int(11) NOT NULL,
  `id_horaire` int(11) NOT NULL,
  PRIMARY KEY (`id_vendeur`,`id_horaire`),
  KEY `id_horaire` (`id_horaire`),
  CONSTRAINT `vendeur_horaire_ibfk_1` FOREIGN KEY (`id_vendeur`) REFERENCES `vendeur` (`id_vendeur`) ON DELETE CASCADE,
  CONSTRAINT `vendeur_horaire_ibfk_2` FOREIGN KEY (`id_horaire`) REFERENCES `horaire` (`id_horaire`) ON DELETE CASCADE
) ENGINE=InnoDB DEFAULT CHARSET=utf8;

-- Listage des données de la table piecedetache.vendeur_horaire : ~0 rows (environ)

-- Listage de la structure de la table piecedetache. vendeur_piece
CREATE TABLE IF NOT EXISTS `vendeur_piece` (
  `id_vendeur` int(11) NOT NULL,
  `id_piece` int(11) NOT NULL,
  PRIMARY KEY (`id_vendeur`,`id_piece`),
  KEY `id_piece` (`id_piece`),
  CONSTRAINT `vendeur_piece_ibfk_1` FOREIGN KEY (`id_vendeur`) REFERENCES `vendeur` (`id_vendeur`),
  CONSTRAINT `vendeur_piece_ibfk_2` FOREIGN KEY (`id_piece`) REFERENCES `piece` (`id_piece`)
) ENGINE=InnoDB DEFAULT CHARSET=utf8;

-- Listage des données de la table piecedetache.vendeur_piece : ~0 rows (environ)

-- Listage de la structure de la table piecedetache. wilaya
CREATE TABLE IF NOT EXISTS `wilaya` (
  `idWilaya` int(11) NOT NULL AUTO_INCREMENT,
  `wilaya` varchar(512) COLLATE utf8mb4_unicode_ci DEFAULT NULL,
  PRIMARY KEY (`idWilaya`)
) ENGINE=InnoDB AUTO_INCREMENT=59 DEFAULT CHARSET=utf8mb4 COLLATE=utf8mb4_unicode_ci;

-- Listage des données de la table piecedetache.wilaya : ~58 rows (environ)
INSERT INTO `wilaya` (`idWilaya`, `wilaya`) VALUES
	(1, 'Adrar'),
	(2, 'Chlef'),
	(3, 'Laghouat'),
	(4, 'Oum El Bouaghi'),
	(5, 'Batna'),
	(6, 'Béjaïa'),
	(7, 'Biskra'),
	(8, 'Béchar'),
	(9, 'Blida'),
	(10, 'Bouira'),
	(11, 'Tamanrasset'),
	(12, 'Tébessa'),
	(13, 'Tlemcen'),
	(14, 'Tiaret'),
	(15, 'Tizi Ouzou'),
	(16, 'Alger'),
	(17, 'Djelfa'),
	(18, 'Jijel'),
	(19, 'Sétif'),
	(20, 'Saïda'),
	(21, 'Skikda'),
	(22, 'Sidi Bel Abbès'),
	(23, 'Annaba'),
	(24, 'Guelma'),
	(25, 'Constantine'),
	(26, 'Médéa'),
	(27, 'Mostaganem'),
	(28, 'M\'Sila'),
	(29, 'Mascara'),
	(30, 'Ouargla'),
	(31, 'Oran'),
	(32, 'El Bayadh'),
	(33, 'Illizi'),
	(34, 'Bordj Bou Arreridj'),
	(35, 'Boumerdès'),
	(36, 'El Tarf'),
	(37, 'Tindouf'),
	(38, 'Tissemsilt'),
	(39, 'El Oued'),
	(40, 'Khenchela'),
	(41, 'Souk Ahras'),
	(42, 'Tipaza'),
	(43, 'Mila'),
	(44, 'Aïn Defla'),
	(45, 'Naâma'),
	(46, 'Aïn Témouchent'),
	(47, 'Ghardaïa'),
	(48, 'Relizane'),
	(49, 'Timimoun'),
	(50, 'Bordj Badji Mokhtar'),
	(51, 'Ouled Djellal'),
	(52, 'Béni Abbès'),
	(53, 'In Salah'),
	(54, 'In Guezzam'),
	(55, 'Touggourt'),
	(56, 'Djanet'),
	(57, 'El Meghaier'),
	(58, 'El Menia');

/*!40103 SET TIME_ZONE=IFNULL(@OLD_TIME_ZONE, 'system') */;
/*!40101 SET SQL_MODE=IFNULL(@OLD_SQL_MODE, '') */;
/*!40014 SET FOREIGN_KEY_CHECKS=IFNULL(@OLD_FOREIGN_KEY_CHECKS, 1) */;
/*!40101 SET CHARACTER_SET_CLIENT=@OLD_CHARACTER_SET_CLIENT */;
/*!40111 SET SQL_NOTES=IFNULL(@OLD_SQL_NOTES, 1) */;
